Idx,rhoz(mg/cm^2),G(O K-L3),E(O K-L3),G(Mg K-L3),E(Mg K-L3),G(Al K-L3),E(Al K-L3),G(Al K-M3),E(Al K-M3),G(P K-L3),E(P K-L3),G(P K-M3),E(P K-M3)
0,0,0,0,0,0,0,0,0,0,0,0,0,0
1,0.00026647,1.2725,1.26996,1.25879,1.25781,1.2535,1.25274,1.2535,1.25282,1.23942,1.23902,1.23942,1.23908
2,0.000532941,1.28532,1.28019,1.26937,1.2674,1.26403,1.26249,1.26403,1.26267,1.25035,1.24953,1.25035,1.24966
3,0.000799411,1.29806,1.2903,1.27987,1.27689,1.27448,1.27215,1.27448,1.27241,1.26117,1.25993,1.26117,1.26012
4,0.00106588,1.31073,1.30029,1.2903,1.2863,1.28484,1.28171,1.28484,1.28206,1.27187,1.27021,1.27187,1.27046
5,0.00133235,1.32333,1.31016,1.30064,1.29561,1.29511,1.29117,1.29511,1.29161,1.28247,1.28037,1.28247,1.28069
6,0.00159882,1.33584,1.3199,1.31091,1.30482,1.3053,1.30053,1.3053,1.30107,1.29295,1.29041,1.29295,1.2908
7,0.00186529,1.34828,1.32953,1.3211,1.31394,1.31541,1.3098,1.31541,1.31044,1.30332,1.30034,1.30332,1.3008
8,0.00213176,1.36065,1.33905,1.33122,1.32298,1.32543,1.31897,1.32543,1.3197,1.31358,1.31015,1.31358,1.31067
9,0.00239823,1.37294,1.34844,1.34125,1.33191,1.33536,1.32805,1.33536,1.32888,1.32374,1.31985,1.32374,1.32044
10,0.0026647,1.38515,1.35772,1.35121,1.34076,1.34521,1.33703,1.34521,1.33795,1.33378,1.32942,1.33378,1.33008
11,0.00293117,1.39729,1.36687,1.36108,1.34951,1.35498,1.34591,1.35498,1.34694,1.34371,1.33888,1.34371,1.33962
12,0.00319764,1.40935,1.37592,1.37088,1.35817,1.36466,1.3547,1.36466,1.35583,1.35353,1.34822,1.35353,1.34903
13,0.00346412,1.42133,1.38484,1.3806,1.36674,1.37425,1.36339,1.37425,1.36462,1.36323,1.35745,1.36323,1.35833
14,0.00373059,1.43324,1.39366,1.39025,1.37522,1.38376,1.37199,1.38376,1.37332,1.37283,1.36656,1.37283,1.36751
15,0.00399706,1.44507,1.40236,1.39981,1.38361,1.39318,1.38049,1.39318,1.38192,1.38232,1.37555,1.38232,1.37658
16,0.00426353,1.45683,1.41094,1.4093,1.3919,1.40252,1.3889,1.40252,1.39044,1.39169,1.38443,1.39169,1.38553
17,0.00453,1.46851,1.41941,1.41871,1.40011,1.41178,1.39721,1.41178,1.39885,1.40096,1.39319,1.40096,1.39437
18,0.00479647,1.48011,1.42777,1.42804,1.40822,1.42095,1.40542,1.42095,1.40718,1.41011,1.40184,1.41011,1.40309
19,0.00506294,1.49164,1.43601,1.43729,1.41625,1.43003,1.41355,1.43003,1.41541,1.41916,1.41036,1.41916,1.4117
20,0.00532941,1.5031,1.44415,1.44646,1.42418,1.43903,1.42157,1.43903,1.42354,1.42809,1.41878,1.42809,1.42019
21,0.00559588,1.51447,1.45217,1.45555,1.43202,1.44794,1.42951,1.44794,1.43159,1.43691,1.42707,1.43691,1.42857
22,0.00586235,1.52577,1.46008,1.46457,1.43977,1.45677,1.43735,1.45677,1.43954,1.44562,1.43526,1.44562,1.43683
23,0.00612882,1.537,1.46788,1.47351,1.44744,1.46552,1.44509,1.46552,1.44739,1.45422,1.44332,1.45422,1.44498
24,0.00639529,1.54815,1.47558,1.48237,1.45501,1.47418,1.45274,1.47418,1.45516,1.46271,1.45127,1.46271,1.45301
25,0.00666176,1.55922,1.48316,1.49115,1.4625,1.48275,1.4603,1.48275,1.46283,1.47109,1.45911,1.47109,1.46093
26,0.00692823,1.57022,1.49064,1.49986,1.46989,1.49124,1.46776,1.49124,1.47041,1.47936,1.46683,1.47936,1.46873
27,0.0071947,1.58114,1.49801,1.50848,1.4772,1.49964,1.47513,1.49964,1.47789,1.48751,1.47444,1.48751,1.47642
28,0.00746117,1.59198,1.50527,1.51703,1.48441,1.50796,1.48241,1.50796,1.48529,1.49556,1.48193,1.49556,1.484
29,0.00772764,1.60275,1.51242,1.5255,1.49154,1.51619,1.4896,1.51619,1.49259,1.50349,1.4893,1.50349,1.49146
30,0.00799411,1.61345,1.51947,1.53389,1.49858,1.52434,1.49669,1.52434,1.4998,1.51132,1.49656,1.51132,1.4988
31,0.00826058,1.62406,1.52641,1.5422,1.50553,1.5324,1.50369,1.5324,1.50692,1.51903,1.50371,1.51903,1.50604
32,0.00852705,1.63461,1.53325,1.55043,1.5124,1.54038,1.51059,1.54038,1.51394,1.52664,1.51074,1.52664,1.51315
33,0.00879352,1.64507,1.53998,1.55859,1.51917,1.54827,1.51741,1.54827,1.52088,1.53413,1.51766,1.53413,1.52016
34,0.00905999,1.65546,1.54661,1.56667,1.52586,1.55608,1.52413,1.55608,1.52772,1.54151,1.52446,1.54151,1.52705
35,0.00932646,1.66577,1.55313,1.57467,1.53246,1.5638,1.53076,1.5638,1.53447,1.54878,1.53115,1.54878,1.53383
36,0.00959293,1.67601,1.55956,1.58259,1.53898,1.57144,1.5373,1.57144,1.54113,1.55594,1.53773,1.55594,1.54049
37,0.0098594,1.68617,1.56588,1.59043,1.5454,1.579,1.54374,1.579,1.5477,1.56299,1.54419,1.56299,1.54704
38,0.0101259,1.69626,1.57209,1.59819,1.55174,1.58646,1.5501,1.58646,1.55418,1.56993,1.55054,1.56993,1.55348
39,0.0103923,1.70627,1.57821,1.60588,1.558,1.59385,1.55636,1.59385,1.56057,1.57675,1.55677,1.57675,1.5598
40,0.0106588,1.7162,1.58423,1.61349,1.56416,1.60114,1.56253,1.60114,1.56687,1.58347,1.56289,1.58347,1.56601
41,0.0109253,1.72606,1.59014,1.62102,1.57024,1.60835,1.56861,1.60835,1.57307,1.59007,1.5689,1.59007,1.57211
42,0.0111918,1.73584,1.59596,1.62847,1.57624,1.61548,1.5746,1.61548,1.57919,1.59657,1.57479,1.59657,1.57809
43,0.0114582,1.74554,1.60167,1.63584,1.58214,1.62252,1.5805,1.62252,1.58521,1.60295,1.58057,1.60295,1.58396
44,0.0117247,1.75517,1.60729,1.64314,1.58797,1.62948,1.58631,1.62948,1.59115,1.60923,1.58624,1.60923,1.58972
45,0.0119912,1.76473,1.61281,1.65035,1.5937,1.63635,1.59203,1.63635,1.597,1.61539,1.59179,1.61539,1.59536
46,0.0122576,1.7742,1.61823,1.65749,1.59935,1.64314,1.59766,1.64314,1.60275,1.62144,1.59723,1.62144,1.6009
47,0.0125241,1.78361,1.62355,1.66455,1.60492,1.64984,1.60319,1.64984,1.60842,1.62738,1.60256,1.62738,1.60632
48,0.0127906,1.79293,1.62878,1.67153,1.6104,1.65646,1.60864,1.65646,1.614,1.63321,1.60777,1.63321,1.61162
49,0.013057,1.80218,1.63391,1.67844,1.6158,1.66299,1.614,1.66299,1.61948,1.63893,1.61288,1.63893,1.61682
50,0.0133235,1.81135,1.63895,1.68526,1.62111,1.66944,1.61927,1.66944,1.62488,1.64454,1.61787,1.64454,1.6219
51,0.01359,1.82045,1.64389,1.69201,1.62634,1.6758,1.62445,1.6758,1.63019,1.65004,1.62274,1.65004,1.62687
52,0.0138565,1.82947,1.64873,1.69868,1.63148,1.68208,1.62954,1.68208,1.63541,1.65542,1.62751,1.65542,1.63173
53,0.0141229,1.83842,1.65348,1.70527,1.63654,1.68827,1.63454,1.68827,1.64055,1.6607,1.63216,1.6607,1.63648
54,0.0143894,1.84729,1.65814,1.71178,1.64151,1.69437,1.63945,1.69437,1.64559,1.66586,1.6367,1.66586,1.64111
55,0.0146559,1.85608,1.6627,1.71821,1.6464,1.70039,1.64427,1.70039,1.65054,1.67092,1.64113,1.67092,1.64564
56,0.0149223,1.8648,1.66718,1.72457,1.65121,1.70633,1.649,1.70633,1.65541,1.67586,1.64545,1.67586,1.65005
57,0.0151888,1.87344,1.67155,1.73084,1.65594,1.71218,1.65365,1.71218,1.66019,1.68069,1.64965,1.68069,1.65435
58,0.0154553,1.88201,1.67584,1.73704,1.66058,1.71795,1.6582,1.71795,1.66488,1.68542,1.65375,1.68542,1.65854
59,0.0157218,1.8905,1.68004,1.74316,1.66514,1.72363,1.66267,1.72363,1.66948,1.69003,1.65773,1.69003,1.66261
60,0.0159882,1.89891,1.68414,1.74921,1.66961,1.72922,1.66705,1.72922,1.67399,1.69453,1.6616,1.69453,1.66658
61,0.0162547,1.90725,1.68816,1.75517,1.674,1.73473,1.67135,1.73473,1.67842,1.69892,1.66536,1.69892,1.67043
62,0.0165212,1.91551,1.69208,1.76106,1.67832,1.74016,1.67555,1.74016,1.68276,1.7032,1.66901,1.7032,1.67417
63,0.0167876,1.9237,1.69592,1.76686,1.68254,1.7455,1.67967,1.7455,1.68701,1.70736,1.67255,1.70736,1.67781
64,0.0170541,1.93181,1.69966,1.77259,1.68669,1.75076,1.6837,1.75076,1.69117,1.71142,1.67597,1.71142,1.68133
65,0.0173206,1.93984,1.70332,1.77824,1.69075,1.75593,1.68764,1.75593,1.69525,1.71537,1.67929,1.71537,1.68474
66,0.017587,1.9478,1.70689,1.78382,1.69474,1.76101,1.69149,1.76101,1.69924,1.7192,1.68249,1.7192,1.68804
67,0.0178535,1.95568,1.71037,1.78931,1.69864,1.76601,1.69526,1.76601,1.70314,1.72293,1.68558,1.72293,1.69122
68,0.01812,1.96349,1.71377,1.79473,1.70246,1.77093,1.69894,1.77093,1.70696,1.72654,1.68857,1.72654,1.6943
69,0.0183865,1.97122,1.71708,1.80007,1.7062,1.77576,1.70254,1.77576,1.71069,1.73004,1.69144,1.73004,1.69727
70,0.0186529,1.97887,1.7203,1.80533,1.70985,1.7805,1.70605,1.7805,1.71433,1.73344,1.6942,1.73344,1.70013
71,0.0189194,1.98645,1.72343,1.81051,1.71343,1.78516,1.70947,1.78516,1.71789,1.73672,1.69686,1.73672,1.70287
72,0.0191859,1.99395,1.72649,1.81561,1.71693,1.78974,1.7128,1.78974,1.72136,1.73989,1.6994,1.73989,1.70551
73,0.0194523,2.00138,1.72945,1.82064,1.72034,1.79423,1.71605,1.79423,1.72475,1.74295,1.70183,1.74295,1.70803
74,0.0197188,2.00873,1.73234,1.82558,1.72368,1.79863,1.71922,1.79863,1.72805,1.7459,1.70415,1.7459,1.71045
75,0.0199853,2.016,1.73514,1.83045,1.72693,1.80295,1.72229,1.80295,1.73126,1.74874,1.70636,1.74874,1.71276
76,0.0202518,2.0232,1.73785,1.83524,1.73011,1.80719,1.72528,1.80719,1.73439,1.75146,1.70847,1.75146,1.71495
77,0.0205182,2.03032,1.74048,1.83995,1.73321,1.81134,1.72819,1.81134,1.73743,1.75408,1.71046,1.75408,1.71704
78,0.0207847,2.03737,1.74303,1.84459,1.73622,1.8154,1.73101,1.8154,1.74039,1.75659,1.71234,1.75659,1.71901
79,0.0210512,2.04434,1.7455,1.84914,1.73916,1.81938,1.73375,1.81938,1.74326,1.75898,1.71412,1.75898,1.72088
80,0.0213176,2.05123,1.74789,1.85362,1.74202,1.82327,1.7364,1.82327,1.74604,1.76126,1.71578,1.76126,1.72264
81,0.0215841,2.05805,1.75019,1.85802,1.7448,1.82708,1.73897,1.82708,1.74875,1.76344,1.71734,1.76344,1.72428
82,0.0218506,2.06479,1.75242,1.86234,1.7475,1.83081,1.74145,1.83081,1.75136,1.7655,1.71878,1.7655,1.72582
83,0.022117,2.07146,1.75456,1.86658,1.75012,1.83445,1.74384,1.83445,1.75389,1.76745,1.72012,1.76745,1.72725
84,0.0223835,2.07805,1.75663,1.87074,1.75266,1.838,1.74616,1.838,1.75634,1.76929,1.72135,1.76929,1.72857
85,0.02265,2.08457,1.75861,1.87483,1.75513,1.84147,1.74839,1.84147,1.75871,1.77102,1.72247,1.77102,1.72978
86,0.0229165,2.091,1.76052,1.87884,1.75752,1.84485,1.75053,1.84485,1.76098,1.77264,1.72348,1.77264,1.73088
87,0.0231829,2.09737,1.76235,1.88277,1.75982,1.84815,1.75259,1.84815,1.76318,1.77415,1.72438,1.77415,1.73188
88,0.0234494,2.10365,1.7641,1.88662,1.76206,1.85137,1.75457,1.85137,1.76529,1.77555,1.72518,1.77555,1.73276
89,0.0237159,2.10986,1.76577,1.89039,1.76421,1.85449,1.75646,1.85449,1.76732,1.77684,1.72586,1.77684,1.73354
90,0.0239823,2.116,1.76736,1.89408,1.76629,1.85754,1.75827,1.85754,1.76926,1.77801,1.72644,1.77801,1.7342
91,0.0242488,2.12206,1.76888,1.8977,1.76828,1.8605,1.75999,1.8605,1.77112,1.77908,1.72691,1.77908,1.73476
92,0.0245153,2.12804,1.77032,1.90124,1.77021,1.86337,1.76164,1.86337,1.77289,1.78003,1.72727,1.78003,1.73521
93,0.0247817,2.13395,1.77169,1.9047,1.77205,1.86616,1.7632,1.86616,1.77459,1.78088,1.72752,1.78088,1.73555
94,0.0250482,2.13978,1.77298,1.90808,1.77382,1.86886,1.76467,1.86886,1.7762,1.78161,1.72767,1.78161,1.73579
95,0.0253147,2.14553,1.7742,1.91138,1.77551,1.87148,1.76607,1.87148,1.77772,1.78223,1.72771,1.78223,1.73591
96,0.0255812,2.15121,1.77534,1.91461,1.77713,1.87401,1.76738,1.87401,1.77917,1.78274,1.72764,1.78274,1.73593
97,0.0258476,2.15681,1.7764,1.91775,1.77867,1.87646,1.76861,1.87646,1.78053,1.78314,1.72746,1.78314,1.73584
98,0.0261141,2.16234,1.7774,1.92082,1.78013,1.87882,1.76975,1.87882,1.7818,1.78343,1.72718,1.78343,1.73564
99,0.0263806,2.16779,1.77832,1.92381,1.78152,1.8811,1.77082,1.8811,1.783,1.78361,1.72679,1.78361,1.73533
100,0.026647,2.17316,1.77916,1.92672,1.78283,1.88329,1.7718,1.88329,1.78411,1.78368,1.72629,1.78368,1.73492
101,0.0269135,2.17846,1.77994,1.92956,1.78407,1.8854,1.7727,1.8854,1.78514,1.78364,1.72568,1.78364,1.73439
102,0.02718,2.18369,1.78064,1.93231,1.78523,1.88742,1.77352,1.88742,1.78609,1.78348,1.72497,1.78348,1.73376
103,0.0274465,2.18883,1.78127,1.93499,1.78631,1.88936,1.77426,1.88936,1.78696,1.78322,1.72415,1.78322,1.73303
104,0.0277129,2.1939,1.78183,1.93759,1.78732,1.89121,1.77492,1.89121,1.78774,1.78284,1.72322,1.78284,1.73218
105,0.0279794,2.1989,1.78231,1.94011,1.78826,1.89298,1.77549,1.89298,1.78845,1.78236,1.72219,1.78236,1.73123
106,0.0282459,2.20382,1.78273,1.94255,1.78912,1.89466,1.77598,1.89466,1.78907,1.78176,1.72105,1.78176,1.73017
107,0.0285123,2.20866,1.78308,1.94491,1.78991,1.89626,1.7764,1.89626,1.78961,1.78105,1.7198,1.78105,1.729
108,0.0287788,2.21343,1.78336,1.9472,1.79062,1.89777,1.77673,1.89777,1.79006,1.78023,1.71845,1.78023,1.72773
109,0.0290453,2.21812,1.78356,1.94941,1.79126,1.8992,1.77698,1.8992,1.79044,1.77931,1.71699,1.77931,1.72635
110,0.0293117,2.22273,1.7837,1.95153,1.79183,1.90054,1.77715,1.90054,1.79074,1.77827,1.71543,1.77827,1.72486
111,0.0295782,2.22727,1.78377,1.95359,1.79232,1.9018,1.77724,1.9018,1.79095,1.77711,1.71376,1.77711,1.72327
112,0.0298447,2.23174,1.78378,1.95556,1.79274,1.90297,1.77725,1.90297,1.79109,1.77585,1.71198,1.77585,1.72157
113,0.0301112,2.23612,1.78371,1.95745,1.79308,1.90406,1.77718,1.90406,1.79114,1.77448,1.7101,1.77448,1.71976
114,0.0303776,2.24043,1.78358,1.95927,1.79335,1.90506,1.77703,1.90506,1.79111,1.773,1.70811,1.773,1.71785
115,0.0306441,2.24467,1.78338,1.96101,1.79355,1.90598,1.7768,1.90598,1.79101,1.7714,1.70602,1.7714,1.71583
116,0.0309106,2.24883,1.78311,1.96266,1.79367,1.90681,1.77649,1.90681,1.79082,1.7697,1.70382,1.7697,1.7137
117,0.031177,2.25291,1.78278,1.96425,1.79372,1.90755,1.7761,1.90755,1.79055,1.76788,1.70151,1.76788,1.71147
118,0.0314435,2.25692,1.78238,1.96575,1.7937,1.90822,1.77564,1.90822,1.7902,1.76596,1.6991,1.76596,1.70913
119,0.03171,2.26085,1.78192,1.96717,1.79361,1.90879,1.77509,1.90879,1.78977,1.76392,1.69659,1.76392,1.70668
120,0.0319764,2.2647,1.78139,1.96852,1.79345,1.90928,1.77446,1.90928,1.78927,1.76177,1.69397,1.76177,1.70413
121,0.0322429,2.26848,1.7808,1.96979,1.79321,1.90969,1.77376,1.90969,1.78868,1.75951,1.69124,1.75951,1.70148
122,0.0325094,2.27219,1.78014,1.97098,1.7929,1.91001,1.77297,1.91001,1.78801,1.75714,1.68841,1.75714,1.69871
123,0.0327759,2.27581,1.77942,1.97209,1.79252,1.91025,1.77211,1.91025,1.78727,1.75466,1.68548,1.75466,1.69585
124,0.0330423,2.27937,1.77863,1.97312,1.79207,1.9104,1.77117,1.9104,1.78644,1.75207,1.68244,1.75207,1.69287
125,0.0333088,2.28284,1.77779,1.97408,1.79154,1.91046,1.77015,1.91046,1.78554,1.74937,1.6793,1.74937,1.68979
126,0.0335753,2.28624,1.77688,1.97495,1.79095,1.91044,1.76905,1.91044,1.78455,1.74656,1.67605,1.74656,1.68661
127,0.0338417,2.28956,1.7759,1.97575,1.79028,1.91034,1.76788,1.91034,1.78349,1.74363,1.67269,1.74363,1.68332
128,0.0341082,2.29281,1.77487,1.97647,1.78955,1.91015,1.76662,1.91015,1.78235,1.7406,1.66924,1.7406,1.67992
129,0.0343747,2.29598,1.77377,1.97711,1.78874,1.90988,1.76529,1.90988,1.78113,1.73745,1.66568,1.73745,1.67642
130,0.0346412,2.29908,1.77261,1.97768,1.78786,1.90952,1.76388,1.90952,1.77983,1.7342,1.66201,1.7342,1.67282
131,0.0349076,2.3021,1.77139,1.97816,1.78691,1.90907,1.76239,1.90907,1.77845,1.73083,1.65824,1.73083,1.66911
132,0.0351741,2.30504,1.77011,1.97857,1.78589,1.90854,1.76083,1.90854,1.777,1.72735,1.65437,1.72735,1.66529
133,0.0354406,2.30791,1.76877,1.9789,1.7848,1.90793,1.75919,1.90793,1.77546,1.72376,1.65039,1.72376,1.66137
134,0.035707,2.3107,1.76737,1.97915,1.78364,1.90723,1.75747,1.90723,1.77385,1.72006,1.64631,1.72006,1.65735
135,0.0359735,2.31342,1.76592,1.97932,1.78241,1.90644,1.75568,1.90644,1.77216,1.71625,1.64213,1.71625,1.65322
136,0.03624,2.31606,1.7644,1.97941,1.78112,1.90557,1.7538,1.90557,1.7704,1.71233,1.63784,1.71233,1.64898
137,0.0365064,2.31862,1.76282,1.97943,1.77975,1.90462,1.75186,1.90462,1.76855,1.7083,1.63345,1.7083,1.64464
138,0.0367729,2.32111,1.76119,1.97937,1.77831,1.90358,1.74983,1.90358,1.76663,1.70416,1.62896,1.70416,1.6402
139,0.0370394,2.32352,1.75949,1.97923,1.7768,1.90245,1.74773,1.90245,1.76463,1.69991,1.62436,1.69991,1.63565
140,0.0373059,2.32585,1.75774,1.97901,1.77523,1.90124,1.74555,1.90124,1.76256,1.69554,1.61966,1.69554,1.631
141,0.0375723,2.32811,1.75593,1.97871,1.77359,1.89995,1.7433,1.89995,1.7604,1.69107,1.61486,1.69107,1.62625
142,0.0378388,2.3303,1.75407,1.97834,1.77187,1.89856,1.74097,1.89856,1.75817,1.68648,1.60995,1.68648,1.62139
143,0.0381053,2.33241,1.75215,1.97788,1.77009,1.8971,1.73856,1.8971,1.75586,1.68178,1.60494,1.68178,1.61642
144,0.0383717,2.33444,1.75017,1.97735,1.76824,1.89555,1.73608,1.89555,1.75348,1.67698,1.59983,1.67698,1.61136
145,0.0386382,2.33639,1.74813,1.97674,1.76633,1.89391,1.73353,1.89391,1.75102,1.67206,1.59462,1.67206,1.60619
146,0.0389047,2.33827,1.74604,1.97605,1.76434,1.89219,1.7309,1.89219,1.74848,1.66703,1.5893,1.66703,1.60091
147,0.0391711,2.34008,1.7439,1.97528,1.76229,1.89039,1.72819,1.89039,1.74587,1.66189,1.58388,1.66189,1.59553
148,0.0394376,2.3418,1.7417,1.97444,1.76017,1.8885,1.72541,1.8885,1.74318,1.65664,1.57836,1.65664,1.59005
149,0.0397041,2.34346,1.73944,1.97351,1.75798,1.88652,1.72255,1.88652,1.74041,1.65128,1.57274,1.65128,1.58447
150,0.0399706,2.34503,1.73714,1.97251,1.75572,1.88446,1.71962,1.88446,1.73757,1.64581,1.56702,1.64581,1.57878
151,0.040237,2.34653,1.73477,1.97143,1.7534,1.88231,1.71661,1.88231,1.73465,1.64022,1.56119,1.64022,1.57299
152,0.0405035,2.34796,1.73236,1.97027,1.75101,1.88008,1.71353,1.88008,1.73166,1.63453,1.55526,1.63453,1.56709
153,0.04077,2.3493,1.72989,1.96904,1.74855,1.87776,1.71038,1.87776,1.72859,1.62872,1.54923,1.62872,1.56109
154,0.0410364,2.35058,1.72736,1.96772,1.74603,1.87536,1.70715,1.87536,1.72545,1.62281,1.5431,1.62281,1.55499
155,0.0413029,2.35177,1.72479,1.96633,1.74344,1.87288,1.70384,1.87288,1.72223,1.61678,1.53687,1.61678,1.54879
156,0.0415694,2.35289,1.72216,1.96486,1.74078,1.8703,1.70046,1.8703,1.71893,1.61065,1.53053,1.61065,1.54248
157,0.0418359,2.35394,1.71948,1.96331,1.73806,1.86765,1.69701,1.86765,1.71556,1.6044,1.5241,1.6044,1.53607
158,0.0421023,2.35491,1.71675,1.96168,1.73527,1.86491,1.69349,1.86491,1.71212,1.59804,1.51756,1.59804,1.52956
159,0.0423688,2.3558,1.71397,1.95997,1.73242,1.86208,1.68989,1.86208,1.7086,1.59157,1.51092,1.59157,1.52295
160,0.0426353,2.35661,1.71114,1.95819,1.7295,1.85917,1.68622,1.85917,1.705,1.58499,1.50419,1.58499,1.51623
161,0.0429017,2.35735,1.70826,1.95633,1.72651,1.85617,1.68247,1.85617,1.70133,1.5784,1.49744,1.5784,1.50951
162,0.0431682,2.35802,1.70532,1.95439,1.72346,1.85309,1.67865,1.85309,1.69759,1.57182,1.49071,1.57182,1.5028
163,0.0434347,2.35861,1.70234,1.95237,1.72034,1.84992,1.67476,1.84992,1.69377,1.56525,1.48399,1.56525,1.4961
164,0.0437011,2.35912,1.69931,1.95027,1.71716,1.84667,1.6708,1.84667,1.68988,1.5587,1.4773,1.5587,1.48942
165,0.0439676,2.35955,1.69622,1.94809,1.71391,1.84333,1.66676,1.84333,1.68591,1.55216,1.47062,1.55216,1.48276
166,0.0442341,2.35992,1.69309,1.94584,1.7106,1.83991,1.66265,1.83991,1.68187,1.54563,1.46395,1.54563,1.47612
167,0.0445006,2.3602,1.68991,1.94351,1.70723,1.8364,1.65847,1.8364,1.67776,1.53912,1.45731,1.53912,1.46949
168,0.044767,2.36041,1.68668,1.9411,1.70379,1.83281,1.65422,1.83281,1.67357,1.53262,1.45068,1.53262,1.46288
169,0.0450335,2.36054,1.68341,1.93861,1.70028,1.82913,1.64989,1.82913,1.66931,1.52613,1.44407,1.52613,1.45629
170,0.0453,2.3606,1.68008,1.93604,1.69671,1.82537,1.64549,1.82537,1.66497,1.51966,1.43748,1.51966,1.44971
171,0.0455664,2.36058,1.67671,1.93339,1.69308,1.82152,1.64102,1.82152,1.66057,1.51321,1.4309,1.51321,1.44315
172,0.0458329,2.36048,1.67329,1.93067,1.68938,1.81759,1.63648,1.81759,1.65608,1.50676,1.42434,1.50676,1.43661
173,0.0460994,2.36031,1.66983,1.92787,1.68562,1.81357,1.63187,1.81357,1.65153,1.50033,1.4178,1.50033,1.43008
174,0.0463659,2.36006,1.66632,1.92499,1.6818,1.80947,1.62718,1.80947,1.6469,1.49392,1.41128,1.49392,1.42357
175,0.0466323,2.35974,1.66276,1.92203,1.67791,1.80528,1.62242,1.80528,1.6422,1.48751,1.40477,1.48751,1.41708
176,0.0468988,2.35934,1.65916,1.91899,1.67396,1.80101,1.6176,1.80101,1.63743,1.48112,1.39828,1.48112,1.4106
177,0.0471653,2.35886,1.65551,1.91588,1.66995,1.79665,1.6127,1.79665,1.63258,1.47475,1.3918,1.47475,1.40414
178,0.0474317,2.35831,1.65181,1.91268,1.66587,1.79221,1.60773,1.79221,1.62766,1.46839,1.38535,1.46839,1.39769
179,0.0476982,2.35769,1.64807,1.90941,1.66173,1.78768,1.60269,1.78768,1.62267,1.46204,1.37891,1.46204,1.39127
180,0.0479647,2.35698,1.64429,1.90606,1.65753,1.78306,1.59758,1.78306,1.61761,1.45571,1.37248,1.45571,1.38486
181,0.0482311,2.3562,1.64046,1.90263,1.65326,1.77836,1.59239,1.77836,1.61248,1.44939,1.36608,1.44939,1.37846
182,0.0484976,2.35535,1.63659,1.89913,1.64893,1.77358,1.58714,1.77358,1.60727,1.44308,1.35969,1.44308,1.37208
183,0.0487641,2.35442,1.63267,1.89554,1.64454,1.76871,1.58182,1.76871,1.60199,1.43679,1.35332,1.43679,1.36572
184,0.0490306,2.35341,1.62871,1.89188,1.64009,1.76376,1.57643,1.76376,1.59664,1.43051,1.34696,1.43051,1.35938
185,0.049297,2.35233,1.62471,1.88814,1.63558,1.75872,1.57096,1.75872,1.59122,1.42424,1.34063,1.42424,1.35305
186,0.0495635,2.35117,1.62066,1.88432,1.63101,1.7536,1.56543,1.7536,1.58572,1.41799,1.33431,1.41799,1.34674
187,0.04983,2.34993,1.61657,1.88042,1.62637,1.74839,1.55983,1.74839,1.58016,1.41175,1.328,1.41175,1.34044
188,0.0500964,2.34862,1.61244,1.87645,1.62167,1.74309,1.55416,1.74309,1.57452,1.40553,1.32171,1.40553,1.33416
189,0.0503629,2.34723,1.60827,1.87239,1.61691,1.73771,1.54842,1.73771,1.56881,1.39932,1.31544,1.39932,1.3279
190,0.0506294,2.34577,1.60406,1.86826,1.61209,1.73225,1.5426,1.73225,1.56303,1.39312,1.30919,1.39312,1.32165
191,0.0508958,2.34423,1.5998,1.86405,1.60721,1.7267,1.53672,1.7267,1.55718,1.38694,1.30295,1.38694,1.31542
192,0.0511623,2.34262,1.5955,1.85976,1.60227,1.72107,1.53078,1.72107,1.55126,1.38077,1.29674,1.38077,1.30921
193,0.0514288,2.34092,1.59116,1.85539,1.59726,1.71535,1.52476,1.71535,1.54527,1.37462,1.29053,1.37462,1.30301
194,0.0516953,2.33916,1.58679,1.85095,1.5922,1.70954,1.51867,1.70954,1.53921,1.36848,1.28435,1.36848,1.29683
195,0.0519617,2.33731,1.58237,1.84642,1.58708,1.70365,1.51252,1.70365,1.53308,1.36235,1.27818,1.36235,1.29066
196,0.0522282,2.3354,1.57791,1.84182,1.58189,1.69768,1.50629,1.69768,1.52687,1.35624,1.27203,1.35624,1.28452
197,0.0524947,2.3334,1.57341,1.83714,1.57665,1.69162,1.5,1.69162,1.5206,1.35014,1.26589,1.35014,1.27838
198,0.0527611,2.33133,1.56887,1.83238,1.57134,1.68547,1.49364,1.68547,1.51426,1.34405,1.25977,1.34405,1.27227
199,0.0530276,2.32918,1.56429,1.82754,1.56598,1.67924,1.48721,1.67924,1.50784,1.33798,1.25367,1.33798,1.26617
200,0.0532941,2.32696,1.55968,1.82263,1.56056,1.67293,1.48071,1.67293,1.50136,1.33192,1.24759,1.33192,1.26009
201,0.0535606,2.32466,1.55502,1.81764,1.55507,1.66653,1.47415,1.66653,1.49481,1.32587,1.24152,1.32587,1.25402
202,0.053827,2.32229,1.55033,1.81256,1.54953,1.66004,1.46752,1.66004,1.48819,1.31984,1.23546,1.31984,1.24797
203,0.0540935,2.31984,1.5456,1.80741,1.54393,1.65347,1.46082,1.65347,1.4815,1.31382,1.22943,1.31382,1.24194
204,0.05436,2.31731,1.54083,1.80219,1.53827,1.64682,1.45405,1.64682,1.47473,1.30782,1.22341,1.30782,1.23592
205,0.0546264,2.31471,1.53602,1.79688,1.53255,1.64008,1.44721,1.64008,1.4679,1.30183,1.21741,1.30183,1.22992
206,0.0548929,2.31203,1.53118,1.79149,1.52677,1.63325,1.44031,1.63325,1.461,1.29585,1.21142,1.29585,1.22393
207,0.0551594,2.30927,1.5263,1.78603,1.52093,1.62634,1.43334,1.62634,1.45404,1.28989,1.20546,1.28989,1.21796
208,0.0554258,2.30644,1.52138,1.78049,1.51504,1.61935,1.42631,1.61935,1.447,1.28394,1.1995,1.28394,1.21201
209,0.0556923,2.30354,1.51643,1.77487,1.50909,1.61231,1.41924,1.61231,1.43993,1.27801,1.19357,1.27801,1.20607
210,0.0559588,2.30055,1.51144,1.76917,1.50307,1.60529,1.4122,1.60529,1.43289,1.27209,1.18765,1.27209,1.20015
211,0.0562253,2.29749,1.50641,1.7634,1.497,1.59829,1.40518,1.59829,1.42586,1.26618,1.18175,1.26618,1.19425
212,0.0564917,2.29436,1.50135,1.75754,1.49088,1.5913,1.39819,1.5913,1.41886,1.26028,1.17586,1.26028,1.18836
213,0.0567582,2.29115,1.49625,1.75161,1.48469,1.58432,1.39121,1.58432,1.41188,1.2544,1.16999,1.2544,1.18248
214,0.0570247,2.28786,1.49112,1.7456,1.47845,1.57737,1.38425,1.57737,1.40492,1.24854,1.16414,1.24854,1.17663
215,0.0572911,2.2845,1.48596,1.73951,1.47215,1.57042,1.37732,1.57042,1.39798,1.24269,1.15831,1.24269,1.17079
216,0.0575576,2.28106,1.48075,1.73334,1.46579,1.56349,1.37041,1.56349,1.39106,1.23685,1.15249,1.23685,1.16496
217,0.0578241,2.27755,1.47552,1.72709,1.45937,1.55658,1.36352,1.55658,1.38416,1.23102,1.14668,1.23102,1.15916
218,0.0580905,2.27396,1.47025,1.72077,1.4529,1.54968,1.35665,1.54968,1.37728,1.22521,1.1409,1.22521,1.15336
219,0.058357,2.27029,1.46494,1.71437,1.44637,1.5428,1.3498,1.5428,1.37042,1.21941,1.13513,1.21941,1.14759
220,0.0586235,2.26655,1.45961,1.70789,1.43979,1.53594,1.34297,1.53594,1.36358,1.21363,1.12937,1.21363,1.14183
221,0.05889,2.26273,1.45424,1.70133,1.43315,1.52909,1.33616,1.52909,1.35677,1.20786,1.12364,1.20786,1.13609
222,0.0591564,2.25883,1.44883,1.69469,1.42645,1.52225,1.32938,1.52225,1.34997,1.2021,1.11792,1.2021,1.13036
223,0.0594229,2.25486,1.44339,1.68798,1.41969,1.51543,1.32262,1.51543,1.3432,1.19636,1.11221,1.19636,1.12465
224,0.0596894,2.25082,1.43792,1.68118,1.41288,1.50862,1.31587,1.50862,1.33644,1.19063,1.10652,1.19063,1.11895
225,0.0599558,2.2467,1.43242,1.67431,1.40601,1.50183,1.30915,1.50183,1.32971,1.18492,1.10085,1.18492,1.11327
226,0.0602223,2.2425,1.42689,1.66736,1.39909,1.49506,1.30245,1.49506,1.32299,1.17921,1.0952,1.17921,1.10761
227,0.0604888,2.23822,1.42132,1.66033,1.39211,1.4883,1.29577,1.4883,1.3163,1.17353,1.08956,1.17353,1.10196
228,0.0607553,2.23387,1.41573,1.65322,1.38508,1.48156,1.28911,1.48156,1.30963,1.16785,1.08394,1.16785,1.09633
229,0.0610217,2.22945,1.4101,1.64604,1.37799,1.47483,1.28248,1.47483,1.30297,1.16219,1.07833,1.16219,1.09071
230,0.0612882,2.22494,1.40444,1.63878,1.37084,1.46811,1.27586,1.46811,1.29634,1.15655,1.07274,1.15655,1.08511
231,0.0615547,2.22037,1.39875,1.63148,1.36368,1.46142,1.26926,1.46142,1.28973,1.15091,1.06717,1.15091,1.07953
232,0.0618211,2.21571,1.39303,1.62419,1.35654,1.45473,1.26269,1.45473,1.28314,1.1453,1.06161,1.1453,1.07396
233,0.0620876,2.21098,1.38727,1.61693,1.34942,1.44807,1.25613,1.44807,1.27656,1.13969,1.05607,1.13969,1.06841
234,0.0623541,2.20618,1.38149,1.60968,1.34233,1.44141,1.2496,1.44141,1.27001,1.1341,1.05054,1.1341,1.06287
235,0.0626205,2.20129,1.37568,1.60244,1.33526,1.43478,1.24309,1.43478,1.26348,1.12852,1.04504,1.12852,1.05735
236,0.062887,2.19634,1.36984,1.59522,1.32821,1.42815,1.2366,1.42815,1.25697,1.12296,1.03954,1.12296,1.05185
237,0.0631535,2.1913,1.36397,1.58802,1.32119,1.42155,1.23013,1.42155,1.25048,1.11741,1.03407,1.11741,1.04636
238,0.06342,2.18619,1.35807,1.58084,1.31419,1.41496,1.22368,1.41496,1.24401,1.11187,1.02861,1.11187,1.04089
239,0.0636864,2.18101,1.35214,1.57367,1.30722,1.40838,1.21725,1.40838,1.23756,1.10635,1.02316,1.10635,1.03543
240,0.0639529,2.17574,1.34618,1.56652,1.30027,1.40182,1.21084,1.40182,1.23113,1.10084,1.01774,1.10084,1.02999
241,0.0642194,2.17041,1.34019,1.55938,1.29334,1.39528,1.20445,1.39528,1.22472,1.09534,1.01233,1.09534,1.02456
242,0.0644858,2.16499,1.33418,1.55226,1.28643,1.38875,1.19808,1.38875,1.21832,1.08986,1.00693,1.08986,1.01915
243,0.0647523,2.1595,1.32814,1.54515,1.27955,1.38223,1.19173,1.38223,1.21195,1.0844,1.00155,1.0844,1.01376
244,0.0650188,2.15394,1.32207,1.53807,1.2727,1.37573,1.18541,1.37573,1.2056,1.07894,0.996188,1.07894,1.00838
245,0.0652852,2.14829,1.31597,1.531,1.26586,1.36925,1.1791,1.36925,1.19927,1.0735,0.990841,1.0735,1.00302
246,0.0655517,2.14258,1.30984,1.52394,1.25905,1.36278,1.17281,1.36278,1.19296,1.06808,0.98551,1.06808,0.997671
247,0.0658182,2.13678,1.30369,1.5169,1.25226,1.35633,1.16655,1.35633,1.18667,1.06266,0.980195,1.06266,0.99234
248,0.0660847,2.13091,1.29751,1.50988,1.2455,1.34989,1.1603,1.34989,1.1804,1.05726,0.974897,1.05726,0.987024
249,0.0663511,2.12497,1.29131,1.50287,1.23876,1.34347,1.15408,1.34347,1.17415,1.05188,0.969614,1.05188,0.981725
250,0.0666176,2.11895,1.28507,1.49588,1.23204,1.33706,1.14787,1.33706,1.16792,1.04651,0.964347,1.04651,0.976441
251,0.0668841,2.11285,1.27881,1.48891,1.22534,1.33067,1.14169,1.33067,1.1617,1.04115,0.959096,1.04115,0.971173
252,0.0671505,2.10667,1.27253,1.48195,1.21867,1.32429,1.13552,1.32429,1.15551,1.03581,0.953862,1.03581,0.965921
253,0.067417,2.10042,1.26622,1.47501,1.21202,1.31793,1.12938,1.31793,1.14934,1.03048,0.948643,1.03048,0.960684
254,0.0676835,2.0941,1.25988,1.46809,1.2054,1.31159,1.12326,1.31159,1.14319,1.02516,0.94344,1.02516,0.955463
255,0.06795,2.0877,1.25352,1.46118,1.19879,1.30526,1.11715,1.30526,1.13705,1.01986,0.938253,1.01986,0.950257
256,0.0682164,2.08122,1.24713,1.45429,1.19221,1.29894,1.11107,1.29894,1.13094,1.01457,0.933083,1.01457,0.945067
257,0.0684829,2.07467,1.24072,1.44741,1.18566,1.29264,1.10501,1.29264,1.12485,1.00929,0.927928,1.00929,0.939893
258,0.0687494,2.06804,1.23429,1.44055,1.17912,1.28636,1.09896,1.28636,1.11877,1.00403,0.922789,1.00403,0.934734
259,0.0690158,2.06133,1.22783,1.43371,1.17261,1.28009,1.09294,1.28009,1.11272,0.998784,0.917665,0.998784,0.929591
260,0.0692823,2.05455,1.22134,1.42688,1.16612,1.27383,1.08694,1.27383,1.10668,0.99355,0.912558,0.99355,0.924463
261,0.0695488,2.04769,1.21483,1.42007,1.15965,1.26759,1.08095,1.26759,1.10067,0.98833,0.907467,0.98833,0.919351
262,0.0698152,2.04076,1.2083,1.41328,1.15321,1.26137,1.07499,1.26137,1.09467,0.983124,0.902391,0.983124,0.914255
263,0.0700817,2.03375,1.20174,1.4065,1.14679,1.25516,1.06905,1.25516,1.08869,0.977931,0.897331,0.977931,0.909174
264,0.0703482,2.02666,1.19516,1.39974,1.14039,1.24897,1.06312,1.24897,1.08274,0.972752,0.892288,0.972752,0.904109
265,0.0706147,2.0195,1.18856,1.39299,1.13401,1.24279,1.05722,1.24279,1.0768,0.967587,0.88726,0.967587,0.899059
266,0.0708811,2.01227,1.18193,1.38626,1.12766,1.23663,1.05134,1.23663,1.07088,0.962436,0.882247,0.962436,0.894024
267,0.0711476,2.00495,1.17528,1.37955,1.12133,1.23048,1.04547,1.23048,1.06498,0.957298,0.877251,0.957298,0.889006
268,0.0714141,1.99756,1.16861,1.37285,1.11502,1.22435,1.03963,1.22435,1.0591,0.952175,0.87227,0.952175,0.884002
269,0.0716805,1.9901,1.16192,1.36617,1.10873,1.21824,1.0338,1.21824,1.05324,0.947064,0.867305,0.947064,0.879014
270,0.071947,1.98256,1.1552,1.35951,1.10247,1.21214,1.028,1.21214,1.0474,0.941968,0.862356,0.941968,0.874042
271,0.0722135,1.97494,1.14846,1.35286,1.09623,1.20605,1.02221,1.20605,1.04158,0.936885,0.857422,0.936885,0.869085
272,0.07248,1.96725,1.1417,1.34623,1.09001,1.19998,1.01645,1.19998,1.03577,0.931817,0.852504,0.931817,0.864143
273,0.0727464,1.95948,1.13492,1.33961,1.08381,1.19393,1.0107,1.19393,1.02999,0.926761,0.847602,0.926761,0.859217
274,0.0730129,1.95163,1.12812,1.33302,1.07763,1.18789,1.00498,1.18789,1.02423,0.92172,0.842716,0.92172,0.854306
275,0.0732794,1.94371,1.1213,1.32643,1.07148,1.18186,0.999271,1.18186,1.01848,0.916693,0.837845,0.916693,0.849411
276,0.0735458,1.93571,1.11445,1.31987,1.06535,1.17585,0.993584,1.17585,1.01275,0.911679,0.83299,0.911679,0.844531
277,0.0738123,1.92764,1.10758,1.31332,1.05924,1.16986,0.987916,1.16986,1.00705,0.906679,0.828151,0.906679,0.839666
278,0.0740788,1.91949,1.1007,1.30678,1.05315,1.16388,0.982268,1.16388,1.00136,0.901692,0.823327,0.901692,0.834817
279,0.0743452,1.91127,1.09379,1.30027,1.04709,1.15792,0.976639,1.15792,0.99569,0.89672,0.818519,0.89672,0.829983
280,0.0746117,1.90297,1.08687,1.29376,1.04104,1.15197,0.97103,1.15197,0.99004,0.891761,0.813726,0.891761,0.825164
281,0.0748782,1.89459,1.07992,1.28728,1.03502,1.14604,0.96544,1.14604,0.984408,0.886816,0.808949,0.886816,0.820361
282,0.0751447,1.88614,1.07295,1.28081,1.02902,1.14012,0.95987,1.14012,0.978796,0.881884,0.804188,0.881884,0.815573
283,0.0754111,1.87761,1.06597,1.27436,1.02304,1.13422,0.954318,1.13422,0.973203,0.876967,0.799442,0.876967,0.810801
284,0.0756776,1.869,1.05896,1.26792,1.01709,1.12833,0.948787,1.12833,0.967629,0.872063,0.794712,0.872063,0.806043
285,0.0759441,1.86032,1.05193,1.2615,1.01115,1.12246,0.943274,1.12246,0.962073,0.867173,0.789997,0.867173,0.801301
286,0.0762105,1.85156,1.04489,1.2551,1.00524,1.11661,0.93778,1.11661,0.956536,0.862296,0.785298,0.862296,0.796574
287,0.076477,1.84275,1.03784,1.24871,0.999348,1.11077,0.932306,1.11077,0.951018,0.857434,0.780614,0.857434,0.791863
288,0.0767435,1.83395,1.03082,1.24234,0.993478,1.10494,0.926851,1.10494,0.945519,0.852585,0.775946,0.852585,0.787167
289,0.0770099,1.82517,1.02384,1.23599,0.98763,1.09913,0.921415,1.09913,0.940039,0.84775,0.771293,0.84775,0.782486
290,0.0772764,1.81642,1.01689,1.22965,0.981803,1.09334,0.915998,1.09334,0.934578,0.842928,0.766655,0.842928,0.77782
291,0.0775429,1.80768,1.00997,1.22333,0.975998,1.08756,0.910601,1.08756,0.929135,0.838121,0.762034,0.838121,0.773169
292,0.0778094,1.79897,1.0031,1.21702,0.970214,1.08179,0.905222,1.08179,0.923711,0.833327,0.757427,0.833327,0.768534
293,0.0780758,1.79027,0.996254,1.21073,0.964451,1.07604,0.899863,1.07604,0.918305,0.828547,0.752836,0.828547,0.763913
294,0.0783423,1.7816,0.989447,1.20446,0.958709,1.07031,0.894522,1.07031,0.912918,0.82378,0.748261,0.82378,0.759308
295,0.0786088,1.77295,0.982675,1.1982,0.952989,1.06459,0.8892,1.06459,0.90755,0.819028,0.7437,0.819028,0.754718
296,0.0788752,1.76432,0.975937,1.19196,0.947291,1.05889,0.883898,1.05889,0.9022,0.814289,0.739156,0.814289,0.750144
297,0.0791417,1.75571,0.969234,1.18574,0.941613,1.0532,0.878614,1.0532,0.896869,0.809564,0.734626,0.809564,0.745584
298,0.0794082,1.74712,0.962566,1.17953,0.935956,1.04753,0.873349,1.04753,0.891557,0.804852,0.730112,0.804852,0.74104
299,0.0796747,1.73856,0.955931,1.17334,0.930321,1.04187,0.868103,1.04187,0.886263,0.800155,0.725613,0.800155,0.73651
300,0.0799411,1.73001,0.949332,1.16716,0.924707,1.03623,0.862876,1.03623,0.880987,0.795471,0.72113,0.795471,0.731996
301,0.0802076,1.72148,0.942766,1.16101,0.919114,1.03061,0.857667,1.03061,0.87573,0.790801,0.716662,0.790801,0.727497
302,0.0804741,1.71298,0.936234,1.15486,0.913542,1.025,0.852478,1.025,0.870491,0.786144,0.712209,0.786144,0.723013
303,0.0807405,1.7045,0.929736,1.14874,0.90799,1.0194,0.847307,1.0194,0.865271,0.781502,0.707771,0.781502,0.718544
304,0.081007,1.69604,0.923271,1.14263,0.90246,1.01382,0.842155,1.01382,0.860069,0.776873,0.703349,0.776873,0.71409
305,0.0812735,1.6876,0.916841,1.13653,0.896951,1.00826,0.837021,1.00826,0.854886,0.772258,0.698942,0.772258,0.709651
306,0.0815399,1.67918,0.910443,1.13046,0.891462,1.00271,0.831906,1.00271,0.849721,0.767656,0.69455,0.767656,0.705227
307,0.0818064,1.67078,0.904079,1.12439,0.885994,0.997172,0.82681,0.997172,0.844574,0.763069,0.690174,0.763069,0.700818
308,0.0820729,1.6624,0.897748,1.11835,0.880548,0.991653,0.821733,0.991653,0.839445,0.758495,0.685813,0.758495,0.696424
309,0.0823394,1.65404,0.89145,1.11232,0.875121,0.98615,0.816674,0.98615,0.834335,0.753935,0.681467,0.753935,0.692046
310,0.0826058,1.64571,0.885186,1.10631,0.869716,0.980662,0.811633,0.980662,0.829243,0.749388,0.677136,0.749388,0.687682
311,0.0828723,1.63739,0.878953,1.10031,0.864331,0.975189,0.806611,0.975189,0.824169,0.744856,0.67282,0.744856,0.683333
312,0.0831388,1.6291,0.872754,1.09433,0.858967,0.969731,0.801608,0.969731,0.819113,0.740337,0.66852,0.740337,0.678999
313,0.0834052,1.62083,0.866587,1.08837,0.853623,0.964289,0.796623,0.964289,0.814076,0.735832,0.664234,0.735832,0.67468
314,0.0836717,1.61258,0.860452,1.08242,0.8483,0.958862,0.791656,0.958862,0.809056,0.73134,0.659964,0.73134,0.670376
315,0.0839382,1.60435,0.85435,1.07649,0.842997,0.95345,0.786708,0.95345,0.804055,0.726863,0.655709,0.726863,0.666087
316,0.0842046,1.59614,0.84828,1.07058,0.837715,0.948054,0.781778,0.948054,0.799072,0.722399,0.651469,0.722399,0.661813
317,0.0844711,1.58795,0.842242,1.06468,0.832454,0.942673,0.776866,0.942673,0.794107,0.717949,0.647244,0.717949,0.657554
318,0.0847376,1.57978,0.836236,1.0588,0.827212,0.937307,0.771973,0.937307,0.78916,0.713512,0.643034,0.713512,0.653309
319,0.0850041,1.57164,0.830261,1.05293,0.821991,0.931957,0.767098,0.931957,0.78423,0.70909,0.638839,0.70909,0.64908
320,0.0852705,1.56351,0.824318,1.04708,0.816791,0.926622,0.762242,0.926622,0.779319,0.704681,0.63466,0.704681,0.644865
321,0.085537,1.55541,0.818407,1.04125,0.81161,0.921302,0.757403,0.921302,0.774426,0.700285,0.630495,0.700285,0.640666
322,0.0858035,1.54732,0.812527,1.03543,0.80645,0.915997,0.752583,0.915997,0.769551,0.695904,0.626345,0.695904,0.636481
323,0.0860699,1.53926,0.806678,1.02963,0.80131,0.910708,0.747781,0.910708,0.764693,0.691536,0.622211,0.691536,0.632311
324,0.0863364,1.53122,0.800861,1.02385,0.796191,0.905434,0.742997,0.905434,0.759854,0.687183,0.618091,0.687183,0.628156
325,0.0866029,1.5232,0.795074,1.01808,0.791091,0.900176,0.738231,0.900176,0.755032,0.682842,0.613987,0.682842,0.624015
326,0.0868694,1.5152,0.789319,1.01233,0.786011,0.894933,0.733484,0.894933,0.750229,0.678516,0.609897,0.678516,0.61989
327,0.0871358,1.50723,0.783594,1.00659,0.780952,0.889705,0.728754,0.889705,0.745443,0.674203,0.605822,0.674203,0.615779
328,0.0874023,1.49927,0.7779,1.00087,0.775912,0.884492,0.724043,0.884492,0.740674,0.669904,0.601762,0.669904,0.611683
329,0.0876688,1.49133,0.772236,0.995171,0.770893,0.879295,0.719349,0.879295,0.735924,0.665619,0.597718,0.665619,0.607602
330,0.0879352,1.48342,0.766603,0.989484,0.765893,0.874113,0.714673,0.874113,0.731191,0.661348,0.593688,0.661348,0.603536
331,0.0882017,1.47553,0.761,0.983814,0.760913,0.868946,0.710016,0.868946,0.726476,0.65709,0.589673,0.65709,0.599484
332,0.0884682,1.46765,0.755427,0.97816,0.755954,0.863795,0.705376,0.863795,0.721779,0.652846,0.585673,0.652846,0.595447
333,0.0887346,1.4598,0.749884,0.972523,0.751014,0.858659,0.700754,0.858659,0.717099,0.648616,0.581688,0.648616,0.591425
334,0.0890011,1.45197,0.744372,0.966902,0.746093,0.853538,0.69615,0.853538,0.712437,0.6444,0.577717,0.6444,0.587417
335,0.0892676,1.44416,0.738889,0.961297,0.741193,0.848433,0.691564,0.848433,0.707793,0.640197,0.573762,0.640197,0.583425
336,0.0895341,1.43638,0.733435,0.955708,0.736312,0.843343,0.686996,0.843343,0.703166,0.636008,0.569821,0.636008,0.579447
337,0.0898005,1.42861,0.728012,0.950136,0.731451,0.838268,0.682445,0.838268,0.698557,0.631833,0.565896,0.631833,0.575483
338,0.090067,1.42086,0.722617,0.94458,0.726609,0.833209,0.677912,0.833209,0.693965,0.627672,0.561985,0.627672,0.571534
339,0.0903335,1.41314,0.717252,0.93904,0.721788,0.828165,0.673397,0.828165,0.689391,0.623524,0.558088,0.623524,0.5676
340,0.0905999,1.40543,0.711917,0.933516,0.716985,0.823136,0.6689,0.823136,0.684834,0.61939,0.554207,0.61939,0.563681
341,0.0908664,1.39775,0.70661,0.928009,0.712202,0.818123,0.66442,0.818123,0.680295,0.61527,0.550341,0.61527,0.559776
342,0.0911329,1.39009,0.701333,0.922518,0.707439,0.813124,0.659958,0.813124,0.675773,0.611164,0.546489,0.611164,0.555886
343,0.0913993,1.38245,0.696084,0.917044,0.702695,0.808142,0.655514,0.808142,0.671269,0.607071,0.542652,0.607071,0.552011
344,0.0916658,1.37483,0.690864,0.911585,0.697971,0.803174,0.651087,0.803174,0.666782,0.602992,0.538829,0.602992,0.54815
345,0.0919323,1.36723,0.685673,0.906143,0.693266,0.798222,0.646678,0.798222,0.662312,0.598927,0.535022,0.598927,0.544303
346,0.0921988,1.35965,0.68051,0.900717,0.68858,0.793285,0.642286,0.793285,0.65786,0.594875,0.531229,0.594875,0.540472
347,0.0924652,1.3521,0.675375,0.895308,0.683913,0.788363,0.637912,0.788363,0.653425,0.590838,0.527451,0.590838,0.536654
348,0.0927317,1.34456,0.670269,0.889915,0.679266,0.783457,0.633555,0.783457,0.649007,0.586814,0.523687,0.586814,0.532852
349,0.0929982,1.33705,0.665192,0.884538,0.674638,0.778566,0.629216,0.778566,0.644606,0.582804,0.519938,0.582804,0.529064
350,0.0932646,1.32955,0.660142,0.879177,0.670029,0.77369,0.624894,0.77369,0.640223,0.578807,0.516204,0.578807,0.52529
351,0.0935311,1.32208,0.65512,0.873833,0.66544,0.76883,0.62059,0.76883,0.635857,0.574825,0.512485,0.574825,0.521531
352,0.0937976,1.31463,0.650126,0.868505,0.660869,0.763985,0.616303,0.763985,0.631508,0.570856,0.50878,0.570856,0.517787
353,0.0940641,1.3072,0.64516,0.863193,0.656318,0.759155,0.612033,0.759155,0.627177,0.566901,0.505089,0.566901,0.514057
354,0.0943305,1.29979,0.640221,0.857898,0.651785,0.754341,0.607781,0.754341,0.622862,0.562959,0.501414,0.562959,0.510341
355,0.094597,1.2924,0.63531,0.852619,0.647272,0.749542,0.603546,0.749542,0.618565,0.559032,0.497753,0.559032,0.50664
356,0.0948635,1.28504,0.630426,0.847356,0.642778,0.744758,0.599328,0.744758,0.614285,0.555118,0.494106,0.555118,0.502954
357,0.0951299,1.27769,0.62557,0.84211,0.638302,0.73999,0.595127,0.73999,0.610022,0.551217,0.490474,0.551217,0.499281
358,0.0953964,1.27037,0.62074,0.836879,0.633846,0.735237,0.590944,0.735237,0.605775,0.547331,0.486857,0.547331,0.495624
359,0.0956629,1.26306,0.615938,0.831665,0.629408,0.730499,0.586778,0.730499,0.601546,0.543458,0.483254,0.543458,0.491981
360,0.0959293,1.25578,0.611163,0.826468,0.624989,0.725776,0.582629,0.725776,0.597334,0.539599,0.479666,0.539599,0.488352
361,0.0961958,1.24852,0.606415,0.821286,0.620589,0.721069,0.578497,0.721069,0.593139,0.535754,0.476092,0.535754,0.484738
362,0.0964623,1.24128,0.601693,0.816121,0.616208,0.716377,0.574382,0.716377,0.588961,0.531923,0.472532,0.531923,0.481138
363,0.0967288,1.23406,0.596998,0.810973,0.611845,0.711701,0.570284,0.711701,0.5848,0.528105,0.468988,0.528105,0.477552
364,0.0969952,1.22686,0.59233,0.80584,0.607501,0.707039,0.566203,0.707039,0.580655,0.524301,0.465457,0.524301,0.473981
365,0.0972617,1.21968,0.587687,0.800724,0.603176,0.702393,0.56214,0.702393,0.576528,0.520511,0.461941,0.520511,0.470424
366,0.0975282,1.21253,0.583072,0.795624,0.598869,0.697763,0.558093,0.697763,0.572417,0.516735,0.45844,0.516735,0.466881
367,0.0977946,1.20539,0.578482,0.79054,0.594581,0.693148,0.554063,0.693148,0.568323,0.512972,0.454953,0.512972,0.463353
368,0.0980611,1.19828,0.573919,0.785473,0.590311,0.688548,0.550051,0.688548,0.564246,0.509223,0.45148,0.509223,0.45984
369,0.0983276,1.19118,0.569381,0.780422,0.58606,0.683963,0.546055,0.683963,0.560186,0.505488,0.448022,0.505488,0.45634
370,0.098594,1.18411,0.56487,0.775387,0.581828,0.679394,0.542076,0.679394,0.556143,0.501766,0.444578,0.501766,0.452855
371,0.0988605,1.17706,0.560384,0.770369,0.577613,0.674839,0.538114,0.674839,0.552116,0.498059,0.441149,0.498059,0.449384
372,0.099127,1.17003,0.555924,0.765367,0.573418,0.670301,0.534169,0.670301,0.548106,0.494365,0.437734,0.494365,0.445928
373,0.0993935,1.16302,0.55149,0.760381,0.56924,0.665777,0.53024,0.665777,0.544113,0.490685,0.434333,0.490685,0.442485
374,0.0996599,1.15603,0.54708,0.755412,0.565081,0.661269,0.526329,0.661269,0.540136,0.487018,0.430947,0.487018,0.439057
375,0.0999264,1.14907,0.542697,0.750458,0.56094,0.656776,0.522434,0.656776,0.536176,0.483366,0.427575,0.483366,0.435644
376,0.100193,1.14212,0.538338,0.745521,0.556818,0.652299,0.518556,0.652299,0.532233,0.479727,0.424217,0.479727,0.432244
377,0.100459,1.1352,0.534005,0.740601,0.552713,0.647837,0.514694,0.647837,0.528306,0.476101,0.420874,0.476101,0.428859
378,0.100726,1.12829,0.529697,0.735696,0.548627,0.64339,0.510849,0.64339,0.524396,0.47249,0.417545,0.47249,0.425488
379,0.100992,1.12141,0.525414,0.730808,0.544559,0.638958,0.507021,0.638958,0.520503,0.468892,0.41423,0.468892,0.422131
380,0.101259,1.11455,0.521155,0.725936,0.540509,0.634542,0.50321,0.634542,0.516626,0.465308,0.410929,0.465308,0.418788
381,0.101525,1.10771,0.516922,0.721081,0.536477,0.630141,0.499415,0.630141,0.512765,0.461738,0.407643,0.461738,0.41546
382,0.101792,1.10089,0.512713,0.716242,0.532464,0.625756,0.495636,0.625756,0.508921,0.458182,0.404371,0.458182,0.412146
383,0.102058,1.09409,0.508528,0.711419,0.528468,0.621385,0.491875,0.621385,0.505093,0.454639,0.401113,0.454639,0.408846
384,0.102325,1.08731,0.504368,0.706612,0.52449,0.617031,0.488129,0.617031,0.501282,0.45111,0.39787,0.45111,0.40556
385,0.102591,1.08056,0.500232,0.701822,0.52053,0.612691,0.484401,0.612691,0.497487,0.447595,0.39464,0.447595,0.402288
386,0.102858,1.07382,0.496121,0.697048,0.516588,0.608367,0.480688,0.608367,0.493709,0.444094,0.391425,0.444094,0.39903
387,0.103124,1.06711,0.492034,0.69229,0.512664,0.604058,0.476992,0.604058,0.489947,0.440606,0.388224,0.440606,0.395787
388,0.103391,1.06042,0.487971,0.687549,0.508758,0.599764,0.473313,0.599764,0.486201,0.437132,0.385037,0.437132,0.392557
389,0.103657,1.05374,0.483931,0.682824,0.50487,0.595485,0.46965,0.595485,0.482472,0.433672,0.381864,0.433672,0.389342
390,0.103923,1.04709,0.479916,0.678115,0.500999,0.591222,0.466003,0.591222,0.478759,0.430225,0.378706,0.430225,0.386141
391,0.10419,1.04046,0.475924,0.673422,0.497146,0.586975,0.462373,0.586975,0.475062,0.426793,0.375561,0.426793,0.382954
392,0.104456,1.03385,0.471956,0.668746,0.493311,0.582742,0.458759,0.582742,0.471381,0.423374,0.372431,0.423374,0.379781
393,0.104723,1.02727,0.468012,0.664086,0.489493,0.578525,0.455161,0.578525,0.467717,0.419968,0.369315,0.419968,0.376622
394,0.104989,1.0207,0.46409,0.659442,0.485693,0.574323,0.45158,0.574323,0.464069,0.416577,0.366213,0.416577,0.373477
395,0.105256,1.01415,0.460193,0.654815,0.481911,0.570137,0.448014,0.570137,0.460437,0.413199,0.363124,0.413199,0.370346
396,0.105522,1.00763,0.456318,0.650204,0.478146,0.565966,0.444465,0.565966,0.456821,0.409835,0.36005,0.409835,0.367229
397,0.105789,1.00112,0.452467,0.645609,0.474399,0.56181,0.440933,0.56181,0.453221,0.406485,0.35699,0.406485,0.364126
398,0.106055,0.994642,0.448639,0.64103,0.470669,0.557669,0.437416,0.557669,0.449638,0.403149,0.353944,0.403149,0.361037
399,0.106322,0.988181,0.444834,0.636468,0.466956,0.553544,0.433915,0.553544,0.44607,0.399826,0.350912,0.399826,0.357962
400,0.106588,0.98174,0.441051,0.631922,0.463262,0.549434,0.430431,0.549434,0.442519,0.396517,0.347895,0.396517,0.354902
401,0.106855,0.975321,0.437292,0.627393,0.459584,0.545339,0.426962,0.545339,0.438983,0.393222,0.344891,0.393222,0.351855
402,0.107121,0.968923,0.433555,0.622879,0.455924,0.54126,0.42351,0.54126,0.435464,0.38994,0.341901,0.38994,0.348822
403,0.107388,0.962546,0.429841,0.618382,0.452281,0.537196,0.420074,0.537196,0.431961,0.386673,0.338925,0.386673,0.345803
404,0.107654,0.956189,0.426149,0.613901,0.448655,0.533147,0.416654,0.533147,0.428473,0.383419,0.335963,0.383419,0.342798
405,0.107921,0.949854,0.422479,0.609437,0.445047,0.529114,0.413249,0.529114,0.425002,0.380179,0.333015,0.380179,0.339807
406,0.108187,0.94354,0.418832,0.604989,0.441456,0.525096,0.409861,0.525096,0.421546,0.376952,0.33008,0.376952,0.336829
407,0.108453,0.937247,0.415208,0.600557,0.437882,0.521093,0.406488,0.521093,0.418107,0.37374,0.32716,0.37374,0.333866
408,0.10872,0.930975,0.411605,0.596141,0.434325,0.517106,0.403132,0.517106,0.414683,0.370541,0.324254,0.370541,0.330917
409,0.108986,0.924724,0.408024,0.591742,0.430786,0.513134,0.399791,0.513134,0.411275,0.367355,0.321361,0.367355,0.327981
410,0.109253,0.918494,0.404465,0.587359,0.427263,0.509177,0.396466,0.509177,0.407883,0.364184,0.318483,0.364184,0.325059
411,0.109519,0.912286,0.400928,0.582992,0.423758,0.505236,0.393157,0.505236,0.404507,0.361026,0.315618,0.361026,0.322152
412,0.109786,0.906098,0.397413,0.578642,0.420269,0.501309,0.389864,0.501309,0.401146,0.357882,0.312767,0.357882,0.319258
413,0.110052,0.899931,0.39392,0.574308,0.416797,0.497399,0.386587,0.497399,0.397801,0.354752,0.30993,0.354752,0.316378
414,0.110319,0.893786,0.390448,0.56999,0.413343,0.493503,0.383325,0.493503,0.394472,0.351636,0.307107,0.351636,0.313511
415,0.110585,0.887661,0.386997,0.565688,0.409905,0.489623,0.380079,0.489623,0.391159,0.348533,0.304298,0.348533,0.310659
416,0.110852,0.881558,0.383568,0.561403,0.406484,0.485758,0.376849,0.485758,0.387862,0.345444,0.301502,0.345444,0.30782
417,0.111118,0.875475,0.380161,0.557134,0.403081,0.481908,0.373634,0.481908,0.38458,0.342369,0.298721,0.342369,0.304996
418,0.111385,0.869414,0.376774,0.552881,0.399693,0.478074,0.370435,0.478074,0.381314,0.339307,0.295953,0.339307,0.302184
419,0.111651,0.863373,0.373409,0.548645,0.396323,0.474255,0.367252,0.474255,0.378063,0.33626,0.293198,0.33626,0.299387
420,0.111918,0.857354,0.370064,0.544425,0.39297,0.470452,0.364084,0.470452,0.374828,0.333226,0.290458,0.333226,0.296604
421,0.112184,0.851356,0.366741,0.540221,0.389633,0.466663,0.360932,0.466663,0.371609,0.330205,0.287731,0.330205,0.293834
422,0.112451,0.845379,0.363438,0.536034,0.386312,0.46289,0.357796,0.46289,0.368405,0.327199,0.285018,0.327199,0.291078
423,0.112717,0.839423,0.360157,0.531862,0.383009,0.459133,0.354675,0.459133,0.365216,0.324206,0.282319,0.324206,0.288336
424,0.112983,0.833487,0.356895,0.527708,0.379722,0.45539,0.351569,0.45539,0.362044,0.321227,0.279633,0.321227,0.285607
425,0.11325,0.827573,0.353655,0.523569,0.376452,0.451663,0.348479,0.451663,0.358886,0.318262,0.276962,0.318262,0.282892
426,0.113516,0.82168,0.350435,0.519447,0.373198,0.447951,0.345404,0.447951,0.355744,0.315311,0.274303,0.315311,0.280191
427,0.113783,0.815809,0.347235,0.515341,0.369961,0.444255,0.342345,0.444255,0.352618,0.312373,0.271659,0.312373,0.277504
428,0.114049,0.809958,0.344056,0.511251,0.36674,0.440574,0.339301,0.440574,0.349507,0.309449,0.269028,0.309449,0.27483
429,0.114316,0.804128,0.340897,0.507177,0.363536,0.436908,0.336273,0.436908,0.346412,0.306539,0.266411,0.306539,0.27217
430,0.114582,0.798319,0.337758,0.50312,0.360348,0.433258,0.33326,0.433258,0.343331,0.303642,0.263807,0.303642,0.269523
431,0.114849,0.792532,0.334639,0.499079,0.357176,0.429622,0.330262,0.429622,0.340267,0.300759,0.261217,0.300759,0.266891
432,0.115115,0.786765,0.331541,0.495055,0.354021,0.426003,0.32728,0.426003,0.337217,0.297891,0.258641,0.297891,0.264271
433,0.115382,0.781019,0.328462,0.491047,0.350882,0.422398,0.324312,0.422398,0.334183,0.295035,0.256078,0.295035,0.261666
434,0.115648,0.775295,0.325403,0.487055,0.34776,0.418809,0.321361,0.418809,0.331164,0.292194,0.253529,0.292194,0.259074
435,0.115915,0.769591,0.322363,0.483079,0.344653,0.415235,0.318424,0.415235,0.328161,0.289366,0.250993,0.289366,0.256496
436,0.116181,0.763909,0.319344,0.47912,0.341563,0.411676,0.315502,0.411676,0.325172,0.286552,0.248471,0.286552,0.253931
437,0.116448,0.758248,0.316344,0.475176,0.338489,0.408133,0.312596,0.408133,0.322199,0.283752,0.245963,0.283752,0.25138
438,0.116714,0.752607,0.313363,0.47125,0.335432,0.404605,0.309705,0.404605,0.319241,0.280965,0.243468,0.280965,0.248842
439,0.116981,0.746988,0.310402,0.467339,0.33239,0.401092,0.306829,0.401092,0.316299,0.278193,0.240986,0.278193,0.246318
440,0.117247,0.74139,0.30746,0.463445,0.329365,0.397595,0.303968,0.397595,0.313371,0.275434,0.238518,0.275434,0.243808
441,0.117513,0.735813,0.304537,0.459567,0.326355,0.394113,0.301122,0.394113,0.310459,0.272689,0.236064,0.272689,0.241311
442,0.11778,0.730257,0.301634,0.455705,0.323362,0.390646,0.298291,0.390646,0.307561,0.269957,0.233623,0.269957,0.238828
443,0.118046,0.724722,0.298749,0.45186,0.320385,0.387195,0.295475,0.387195,0.304679,0.267239,0.231195,0.267239,0.236358
444,0.118313,0.719208,0.295884,0.448031,0.317423,0.383759,0.292674,0.383759,0.301812,0.264535,0.228781,0.264535,0.233901
445,0.118579,0.713715,0.293037,0.444218,0.314478,0.380338,0.289889,0.380338,0.29896,0.261845,0.22638,0.261845,0.231458
446,0.118846,0.708243,0.290209,0.440422,0.311548,0.376933,0.287118,0.376933,0.296123,0.259169,0.223993,0.259169,0.229029
447,0.119112,0.702792,0.2874,0.436642,0.308634,0.373542,0.284362,0.373542,0.293301,0.256506,0.221619,0.256506,0.226613
448,0.119379,0.697363,0.28461,0.432878,0.305737,0.370168,0.281621,0.370168,0.290494,0.253857,0.219259,0.253857,0.224211
449,0.119645,0.691954,0.281838,0.42913,0.302855,0.366808,0.278895,0.366808,0.287701,0.251222,0.216912,0.251222,0.221822
450,0.119912,0.686567,0.279085,0.425399,0.299988,0.363464,0.276183,0.363464,0.284924,0.2486,0.214578,0.2486,0.219446
451,0.120178,0.6812,0.27635,0.421684,0.297138,0.360135,0.273487,0.360135,0.282162,0.245992,0.212258,0.245992,0.217084
452,0.120445,0.675854,0.273634,0.417985,0.294303,0.356821,0.270805,0.356821,0.279415,0.243399,0.209951,0.243399,0.214736
453,0.120711,0.67053,0.270936,0.414303,0.291484,0.353523,0.268138,0.353523,0.276682,0.240818,0.207657,0.240818,0.2124
454,0.120978,0.665227,0.268255,0.410637,0.28868,0.35024,0.265486,0.35024,0.273965,0.238252,0.205377,0.238252,0.210078
455,0.121244,0.659944,0.265594,0.406987,0.285893,0.346973,0.262849,0.346973,0.271262,0.235699,0.20311,0.235699,0.20777
456,0.121511,0.654683,0.26295,0.403353,0.28312,0.34372,0.260226,0.34372,0.268574,0.23316,0.200856,0.23316,0.205475
457,0.121777,0.649443,0.260324,0.399736,0.280364,0.340483,0.257618,0.340483,0.265901,0.230635,0.198616,0.230635,0.203193
458,0.122043,0.644224,0.257716,0.396135,0.277622,0.337262,0.255025,0.337262,0.263242,0.228123,0.196389,0.228123,0.200925
459,0.12231,0.639026,0.255125,0.39255,0.274897,0.334055,0.252446,0.334055,0.260598,0.225626,0.194175,0.225626,0.19867
460,0.122576,0.633849,0.252553,0.388982,0.272186,0.330864,0.249882,0.330864,0.257969,0.223142,0.191975,0.223142,0.196428
461,0.122843,0.628693,0.249998,0.38543,0.269492,0.327688,0.247333,0.327688,0.255355,0.220671,0.189787,0.220671,0.1942
462,0.123109,0.623558,0.24746,0.381894,0.266812,0.324528,0.244798,0.324528,0.252756,0.218215,0.187613,0.218215,0.191985
463,0.123376,0.618444,0.24494,0.378375,0.264148,0.321383,0.242278,0.321383,0.250171,0.215772,0.185453,0.215772,0.189783
464,0.123642,0.613351,0.242438,0.374871,0.2615,0.318253,0.239772,0.318253,0.2476,0.213343,0.183305,0.213343,0.187594
465,0.123909,0.608279,0.239953,0.371384,0.258866,0.315139,0.237281,0.315139,0.245045,0.210928,0.18117,0.210928,0.185419
466,0.124175,0.603228,0.237485,0.367914,0.256248,0.312039,0.234804,0.312039,0.242504,0.208526,0.179049,0.208526,0.183257
467,0.124442,0.598199,0.235034,0.36446,0.253645,0.308956,0.232341,0.308956,0.239977,0.206139,0.176941,0.206139,0.181109
468,0.124708,0.59319,0.2326,0.361022,0.251058,0.305887,0.229894,0.305887,0.237465,0.203765,0.174846,0.203765,0.178974
469,0.124975,0.588203,0.230184,0.3576,0.248485,0.302834,0.22746,0.302834,0.234968,0.201404,0.172764,0.201404,0.176851
470,0.125241,0.583236,0.227784,0.354194,0.245928,0.299796,0.225041,0.299796,0.232485,0.199058,0.170696,0.199058,0.174743
471,0.125508,0.578291,0.225401,0.350805,0.243386,0.296773,0.222636,0.296773,0.230016,0.196725,0.16864,0.196725,0.172647
472,0.125774,0.573366,0.223035,0.347432,0.240859,0.293766,0.220246,0.293766,0.227562,0.194406,0.166598,0.194406,0.170564
473,0.126041,0.568463,0.220686,0.344076,0.238347,0.290774,0.217869,0.290774,0.225123,0.192101,0.164568,0.192101,0.168495
474,0.126307,0.563581,0.218353,0.340736,0.23585,0.287797,0.215508,0.287797,0.222698,0.189809,0.162552,0.189809,0.166439
475,0.126573,0.55872,0.216037,0.337412,0.233368,0.284836,0.21316,0.284836,0.220287,0.187532,0.160549,0.187532,0.164396
476,0.12684,0.55388,0.213738,0.334104,0.230901,0.28189,0.210827,0.28189,0.217891,0.185268,0.158559,0.185268,0.162367
477,0.127106,0.54906,0.211455,0.330812,0.228449,0.278959,0.208507,0.278959,0.215509,0.183017,0.156582,0.183017,0.16035
478,0.127373,0.544262,0.209188,0.327537,0.226011,0.276044,0.206202,0.276044,0.213141,0.180781,0.154618,0.180781,0.158347
479,0.127639,0.539485,0.206938,0.324279,0.223589,0.273144,0.203912,0.273144,0.210788,0.178558,0.152667,0.178558,0.156356
480,0.127906,0.53473,0.204703,0.321036,0.221182,0.270259,0.201635,0.270259,0.208449,0.176349,0.150729,0.176349,0.154379
481,0.128172,0.529995,0.202485,0.31781,0.218789,0.26739,0.199372,0.26739,0.206124,0.174154,0.148804,0.174154,0.152415
482,0.128439,0.525281,0.200283,0.3146,0.216411,0.264535,0.197124,0.264535,0.203814,0.171972,0.146892,0.171972,0.150464
483,0.128705,0.520588,0.198097,0.311406,0.214048,0.261697,0.19489,0.261697,0.201518,0.169805,0.144993,0.169805,0.148526
484,0.128972,0.515916,0.195927,0.308229,0.2117,0.258873,0.192669,0.258873,0.199235,0.167651,0.143107,0.167651,0.146602
485,0.129238,0.511266,0.193773,0.305068,0.209366,0.256065,0.190463,0.256065,0.196968,0.16551,0.141234,0.16551,0.14469
486,0.129505,0.506636,0.191635,0.301923,0.207047,0.253272,0.188271,0.253272,0.194714,0.163384,0.139373,0.163384,0.142791
487,0.129771,0.502028,0.189512,0.298795,0.204743,0.250495,0.186092,0.250495,0.192474,0.161271,0.137526,0.161271,0.140906
488,0.130038,0.49744,0.187405,0.295682,0.202453,0.247732,0.183928,0.247732,0.190249,0.159172,0.135692,0.159172,0.139033
489,0.130304,0.492874,0.185314,0.292587,0.200178,0.244985,0.181778,0.244985,0.188038,0.157087,0.13387,0.157087,0.137174
490,0.13057,0.488328,0.183238,0.289507,0.197917,0.242254,0.179641,0.242254,0.18584,0.155015,0.132062,0.155015,0.135328
491,0.130837,0.483804,0.181177,0.286444,0.195671,0.239537,0.177518,0.239537,0.183657,0.152958,0.130266,0.152958,0.133494
492,0.131103,0.479301,0.179132,0.283397,0.193439,0.236836,0.17541,0.236836,0.181488,0.150914,0.128483,0.150914,0.131674
493,0.13137,0.474819,0.177103,0.280366,0.191222,0.234151,0.173315,0.234151,0.179333,0.148883,0.126713,0.148883,0.129866
494,0.131636,0.470358,0.175088,0.277352,0.18902,0.23148,0.171234,0.23148,0.177192,0.146867,0.124956,0.146867,0.128072
495,0.131903,0.465918,0.173089,0.274354,0.186831,0.228825,0.169166,0.228825,0.175065,0.144864,0.123212,0.144864,0.12629
496,0.132169,0.461498,0.171104,0.271372,0.184657,0.226186,0.167113,0.226186,0.172952,0.142875,0.121481,0.142875,0.124522
497,0.132436,0.457101,0.169135,0.268406,0.182498,0.223561,0.165073,0.223561,0.170853,0.1409,0.119762,0.1409,0.122766
498,0.132702,0.452724,0.167181,0.265457,0.180352,0.220952,0.163047,0.220952,0.168767,0.138938,0.118056,0.138938,0.121024
499,0.132969,0.448368,0.165241,0.262524,0.178221,0.218358,0.161035,0.218358,0.166696,0.136991,0.116363,0.136991,0.119294
500,0.133235,0.444033,0.163317,0.259607,0.176104,0.21578,0.159036,0.21578,0.164638,0.135057,0.114683,0.135057,0.117577
501,0.133502,0.439719,0.161407,0.256707,0.174002,0.213217,0.157051,0.213217,0.162595,0.133136,0.113015,0.133136,0.115873
502,0.133768,0.435427,0.159512,0.253823,0.171913,0.210669,0.15508,0.210669,0.160565,0.13123,0.11136,0.13123,0.114182
503,0.134035,0.431155,0.157631,0.250955,0.169839,0.208136,0.153122,0.208136,0.158549,0.129337,0.109718,0.129337,0.112504
504,0.134301,0.426904,0.155765,0.248104,0.167779,0.205619,0.151178,0.205619,0.156547,0.127458,0.108089,0.127458,0.110839
505,0.134568,0.422675,0.153914,0.245268,0.165733,0.203117,0.149247,0.203117,0.154558,0.125593,0.106472,0.125593,0.109187
506,0.134834,0.418466,0.152077,0.242449,0.163701,0.200631,0.14733,0.200631,0.152584,0.123741,0.104868,0.123741,0.107547
507,0.1351,0.414279,0.150254,0.239647,0.161683,0.198159,0.145427,0.198159,0.150623,0.121903,0.103277,0.121903,0.105921
508,0.135367,0.410113,0.148446,0.236861,0.15968,0.195703,0.143537,0.195703,0.148675,0.120079,0.101698,0.120079,0.104307
509,0.135633,0.405967,0.146652,0.234091,0.15769,0.193263,0.14166,0.193263,0.146742,0.118269,0.100133,0.118269,0.102706
510,0.1359,0.401843,0.144872,0.231337,0.155714,0.190837,0.139797,0.190837,0.144822,0.116473,0.0985793,0.116473,0.101118
511,0.136166,0.39774,0.143106,0.228599,0.153752,0.188427,0.137947,0.188427,0.142916,0.11469,0.0970386,0.11469,0.0995424
512,0.136433,0.393658,0.141354,0.225878,0.151804,0.186033,0.136111,0.186033,0.141023,0.112921,0.0955106,0.112921,0.0979799
513,0.136699,0.389597,0.139617,0.223173,0.14987,0.183653,0.134288,0.183653,0.139144,0.111166,0.0939953,0.111166,0.0964301
514,0.136966,0.385557,0.137893,0.220485,0.147949,0.181289,0.132479,0.181289,0.137279,0.109424,0.0924925,0.109424,0.0948931
515,0.137232,0.381538,0.136183,0.217813,0.146043,0.17894,0.130683,0.17894,0.135427,0.107696,0.0910023,0.107696,0.0933689
516,0.137499,0.37754,0.134486,0.215157,0.14415,0.176607,0.1289,0.176607,0.133588,0.105982,0.0895246,0.105982,0.0918575
517,0.137765,0.373563,0.132804,0.212517,0.142271,0.174289,0.12713,0.174289,0.131764,0.104282,0.0880596,0.104282,0.0903587
518,0.138032,0.369607,0.131135,0.209894,0.140406,0.171986,0.125374,0.171986,0.129952,0.102595,0.0866071,0.102595,0.0888727
519,0.138298,0.365673,0.12948,0.207286,0.138554,0.169699,0.123631,0.169699,0.128155,0.100923,0.0851671,0.100923,0.0873995
520,0.138565,0.361759,0.127838,0.204696,0.136716,0.167426,0.121901,0.167426,0.12637,0.0992636,0.0837397,0.0992636,0.0859389
521,0.138831,0.357866,0.12621,0.202121,0.134892,0.165169,0.120185,0.165169,0.124599,0.0976184,0.0823248,0.0976184,0.0844911
522,0.139098,0.353995,0.124595,0.199563,0.133081,0.162928,0.118481,0.162928,0.122842,0.0959868,0.0809224,0.0959868,0.0830559
523,0.139364,0.350144,0.122993,0.197021,0.131284,0.160702,0.116791,0.160702,0.121098,0.094369,0.0795325,0.094369,0.0816335
524,0.13963,0.346315,0.121405,0.194495,0.129501,0.158491,0.115114,0.158491,0.119367,0.092765,0.0781551,0.092765,0.0802237
525,0.139897,0.342506,0.11983,0.191986,0.127731,0.156295,0.11345,0.156295,0.11765,0.0911747,0.0767902,0.0911747,0.0788265
526,0.140163,0.338719,0.118268,0.189493,0.125974,0.154115,0.111799,0.154115,0.115946,0.0895982,0.0754377,0.0895982,0.077442
527,0.14043,0.334953,0.116719,0.187016,0.124231,0.15195,0.110161,0.15195,0.114255,0.0880354,0.0740977,0.0880354,0.0760702
528,0.140696,0.331208,0.115183,0.184556,0.122502,0.1498,0.108537,0.1498,0.112578,0.0864864,0.0727701,0.0864864,0.074711
529,0.140963,0.327483,0.113661,0.182112,0.120786,0.147666,0.106925,0.147666,0.110914,0.0849511,0.0714549,0.0849511,0.0733644
530,0.141229,0.32378,0.112151,0.179684,0.119083,0.145547,0.105326,0.145547,0.109263,0.0834296,0.0701521,0.0834296,0.0720304
531,0.141496,0.320098,0.110654,0.177272,0.117393,0.143443,0.10374,0.143443,0.107626,0.0819218,0.0688618,0.0819218,0.070709
532,0.141762,0.316437,0.10917,0.174877,0.115717,0.141355,0.102168,0.141355,0.106001,0.0804277,0.0675838,0.0804277,0.0694002
533,0.142029,0.312797,0.107698,0.172498,0.114055,0.139282,0.100608,0.139282,0.10439,0.0789475,0.0663182,0.0789475,0.068104
534,0.142295,0.309178,0.10624,0.170135,0.112405,0.137224,0.0990611,0.137224,0.102792,0.0774809,0.065065,0.0774809,0.0668204
535,0.142562,0.305581,0.104794,0.167789,0.110769,0.135181,0.0975271,0.135181,0.101208,0.0760281,0.0638242,0.0760281,0.0655493
536,0.142828,0.302004,0.10336,0.165459,0.109146,0.133154,0.096006,0.133154,0.099636,0.0745891,0.0625956,0.0745891,0.0642908
537,0.143095,0.298448,0.101939,0.163145,0.107536,0.131142,0.0944977,0.131142,0.0980775,0.0731638,0.0613794,0.0731638,0.0630448
538,0.143361,0.294913,0.10053,0.160847,0.105939,0.129146,0.0930023,0.129146,0.0965321,0.0717523,0.0601756,0.0717523,0.0618114
539,0.143628,0.2914,0.0991341,0.158566,0.104356,0.127165,0.0915197,0.127165,0.0949998,0.0703545,0.058984,0.0703545,0.0605904
540,0.143894,0.287907,0.0977502,0.156301,0.102785,0.125199,0.0900499,0.125199,0.0934806,0.0689704,0.0578047,0.0689704,0.059382
541,0.14416,0.284436,0.0963785,0.154052,0.101228,0.123248,0.0885928,0.123248,0.0919744,0.0676001,0.0566378,0.0676001,0.0581861
542,0.144427,0.280985,0.0950191,0.15182,0.0996838,0.121313,0.0871485,0.121313,0.0904812,0.0662436,0.0554831,0.0662436,0.0570027
543,0.144693,0.277556,0.0936718,0.149604,0.0981525,0.119393,0.085717,0.119393,0.0890011,0.0649008,0.0543406,0.0649008,0.0558317
544,0.14496,0.274148,0.0923367,0.147404,0.0966343,0.117488,0.0842981,0.117488,0.0875339,0.0635717,0.0532104,0.0635717,0.0546732
545,0.145226,0.27076,0.0910136,0.145221,0.095129,0.115599,0.0828919,0.115599,0.0860797,0.0622564,0.0520925,0.0622564,0.0535272
546,0.145493,0.267394,0.0897024,0.143054,0.0936366,0.113725,0.0814983,0.113725,0.0846384,0.0609549,0.0509867,0.0609549,0.0523936
547,0.145759,0.264049,0.0884032,0.140903,0.0921572,0.111866,0.0801174,0.111866,0.0832101,0.0596671,0.0498932,0.0596671,0.0512725
548,0.146026,0.260725,0.0871159,0.138768,0.0906906,0.110023,0.0787492,0.110023,0.0817946,0.0583931,0.0488119,0.0583931,0.0501638
549,0.146292,0.257422,0.0858403,0.13665,0.0892369,0.108195,0.0773935,0.108195,0.0803921,0.0571328,0.0477428,0.0571328,0.0490675
550,0.146559,0.25414,0.0845766,0.134548,0.087796,0.106382,0.0760504,0.106382,0.0790024,0.0558862,0.0466858,0.0558862,0.0479836
551,0.146825,0.250879,0.0833245,0.132462,0.086368,0.104585,0.0747198,0.104585,0.0776256,0.0546534,0.045641,0.0546534,0.0469121
552,0.147092,0.247639,0.0820841,0.130393,0.0849527,0.102802,0.0734018,0.102802,0.0762616,0.0534344,0.0446084,0.0534344,0.045853
553,0.147358,0.24442,0.0808552,0.128339,0.0835502,0.101036,0.0720962,0.101036,0.0749104,0.0522291,0.0435879,0.0522291,0.0448063
554,0.147625,0.241223,0.0796379,0.126303,0.0821604,0.0992841,0.0708032,0.0992841,0.0735719,0.0510375,0.0425796,0.0510375,0.043772
555,0.147891,0.238046,0.0784321,0.124282,0.0807833,0.0975479,0.0695226,0.0975479,0.0722463,0.0498597,0.0415834,0.0498597,0.04275
556,0.148158,0.23489,0.0772377,0.122278,0.0794188,0.0958271,0.0682545,0.0958271,0.0709334,0.0486956,0.0405993,0.0486956,0.0417403
557,0.148424,0.231756,0.0760547,0.12029,0.078067,0.0941215,0.0669988,0.0941215,0.0696332,0.0475453,0.0396273,0.0475453,0.040743
558,0.14869,0.228642,0.074883,0.118318,0.0767279,0.0924313,0.0657555,0.0924313,0.0683458,0.0464088,0.0386673,0.0464088,0.0397581
559,0.148957,0.22555,0.0737225,0.116363,0.0754013,0.0907564,0.0645246,0.0907564,0.067071,0.045286,0.0377195,0.045286,0.0387854
560,0.149223,0.222478,0.0725733,0.114424,0.0740872,0.0890967,0.063306,0.0890967,0.0658089,0.0441769,0.0367837,0.0441769,0.0378251
561,0.14949,0.219428,0.0714352,0.112501,0.0727857,0.0874525,0.0620998,0.0874525,0.0645594,0.0430816,0.03586,0.0430816,0.036877
562,0.149756,0.216398,0.0703082,0.110594,0.0714967,0.0858235,0.0609058,0.0858235,0.0633226,0.0420001,0.0349483,0.0420001,0.0359413
563,0.150023,0.21339,0.0691923,0.108704,0.0702202,0.0842098,0.0597242,0.0842098,0.0620984,0.0409323,0.0340486,0.0409323,0.0350178
564,0.150289,0.210403,0.0680873,0.10683,0.0689562,0.0826115,0.0585549,0.0826115,0.0608868,0.0398782,0.033161,0.0398782,0.0341066
565,0.150556,0.207437,0.0669933,0.104973,0.0677046,0.0810284,0.0573978,0.0810284,0.0596878,0.0388379,0.0322853,0.0388379,0.0332076
566,0.150822,0.204492,0.0659102,0.103131,0.0664653,0.0794607,0.0562529,0.0794607,0.0585013,0.0378113,0.0314217,0.0378113,0.0323209
567,0.151089,0.201568,0.0648379,0.101306,0.0652385,0.0779083,0.0551203,0.0779083,0.0573273,0.0367985,0.03057,0.0367985,0.0314465
568,0.151355,0.198665,0.0637764,0.0994974,0.064024,0.0763712,0.0539998,0.0763712,0.0561659,0.0357995,0.0297303,0.0357995,0.0305842
569,0.151622,0.195783,0.0627256,0.0977049,0.0628218,0.0748494,0.0528915,0.0748494,0.055017,0.0348141,0.0289026,0.0348141,0.0297342
570,0.151888,0.192922,0.0616856,0.0959288,0.0616319,0.073343,0.0517954,0.073343,0.0538805,0.0338426,0.0280868,0.0338426,0.0288964
571,0.152155,0.190082,0.0606561,0.0941689,0.0604543,0.0718518,0.0507114,0.0718518,0.0527565,0.0328848,0.027283,0.0328848,0.0280708
572,0.152421,0.187263,0.0596372,0.0924253,0.0592889,0.070376,0.0496395,0.070376,0.0516449,0.0319407,0.0264911,0.0319407,0.0272574
573,0.152688,0.184466,0.0586288,0.090698,0.0581358,0.0689155,0.0485796,0.0689155,0.0505458,0.0310104,0.0257111,0.0310104,0.0264561
574,0.152954,0.181689,0.0576309,0.088987,0.0569948,0.0674703,0.0475319,0.0674703,0.049459,0.0300938,0.024943,0.0300938,0.0256671
575,0.15322,0.178934,0.0566434,0.0872923,0.055866,0.0660404,0.0464961,0.0660404,0.0483847,0.029191,0.0241868,0.029191,0.0248902
576,0.153487,0.176199,0.0556663,0.0856139,0.0547493,0.0646258,0.0454725,0.0646258,0.0473227,0.0283019,0.0234425,0.0283019,0.0241254
577,0.153753,0.173486,0.0546995,0.0839518,0.0536448,0.0632265,0.0444608,0.0632265,0.046273,0.0274266,0.02271,0.0274266,0.0233728
578,0.15402,0.170793,0.053743,0.082306,0.0525523,0.0618426,0.043461,0.0618426,0.0452357,0.026565,0.0219894,0.026565,0.0226323
579,0.154286,0.168122,0.0527967,0.0806765,0.0514719,0.060474,0.0424733,0.060474,0.0442106,0.0257172,0.0212807,0.0257172,0.0219039
580,0.154553,0.165471,0.0518606,0.0790632,0.0504035,0.0591206,0.0414975,0.0591206,0.0431979,0.0248832,0.0205838,0.0248832,0.0211876
581,0.154819,0.162842,0.0509345,0.0774663,0.0493471,0.0577826,0.0405335,0.0577826,0.0421974,0.0240628,0.0198987,0.0240628,0.0204834
582,0.155086,0.160234,0.0500186,0.0758856,0.0483027,0.0564599,0.0395815,0.0564599,0.0412092,0.0232563,0.0192254,0.0232563,0.0197914
583,0.155352,0.157647,0.0491126,0.0743213,0.0472702,0.0551526,0.0386414,0.0551526,0.0402332,0.0224634,0.0185639,0.0224634,0.0191114
584,0.155619,0.155081,0.0482167,0.0727732,0.0462497,0.0538605,0.0377131,0.0538605,0.0392694,0.0216844,0.0179142,0.0216844,0.0184434
585,0.155885,0.152536,0.0473306,0.0712414,0.0452411,0.0525838,0.0367967,0.0525838,0.0383178,0.020919,0.0172763,0.020919,0.0177876
586,0.156152,0.150012,0.0464544,0.069726,0.0442444,0.0513223,0.0358921,0.0513223,0.0373784,0.0201675,0.0166502,0.0201675,0.0171437
587,0.156418,0.147509,0.0455881,0.0682268,0.0432595,0.0500762,0.0349992,0.0500762,0.0364511,0.0194296,0.0160358,0.0194296,0.016512
588,0.156685,0.145027,0.0447315,0.0667439,0.0422864,0.0488454,0.0341182,0.0488454,0.0355359,0.0187056,0.0154331,0.0187056,0.0158922
589,0.156951,0.142566,0.0438846,0.0652773,0.0413251,0.0476299,0.0332489,0.0476299,0.0346329,0.0179952,0.0148422,0.0179952,0.0152845
590,0.157218,0.140127,0.0430474,0.063827,0.0403756,0.0464298,0.0323913,0.0464298,0.033742,0.0172987,0.014263,0.0172987,0.0146888
591,0.157484,0.137708,0.0422198,0.0623929,0.0394379,0.0452449,0.0315454,0.0452449,0.0328631,0.0166158,0.0136955,0.0166158,0.0141051
592,0.15775,0.13531,0.0414018,0.0609752,0.0385118,0.0440753,0.0307113,0.0440753,0.0319963,0.0159468,0.0131398,0.0159468,0.0135333
593,0.158017,0.132934,0.0405934,0.0595738,0.0375975,0.0429211,0.0298888,0.0429211,0.0311415,0.0152914,0.0125957,0.0152914,0.0129736
594,0.158283,0.130578,0.0397944,0.0581887,0.0366948,0.0417822,0.0290779,0.0417822,0.0302988,0.0146499,0.0120632,0.0146499,0.0124258
595,0.15855,0.128244,0.0390048,0.0568198,0.0358038,0.0406586,0.0282787,0.0406586,0.0294681,0.014022,0.0115425,0.014022,0.01189
596,0.158816,0.12593,0.0382247,0.0554673,0.0349244,0.0395503,0.0274911,0.0395503,0.0286493,0.0134079,0.0110334,0.0134079,0.0113661
597,0.159083,0.123638,0.0374539,0.054131,0.0340566,0.0384573,0.0267151,0.0384573,0.0278425,0.0128076,0.0105359,0.0128076,0.0108542
598,0.159349,0.121367,0.0366924,0.052811,0.0332004,0.0373797,0.0259506,0.0373797,0.0270477,0.012221,0.0100501,0.012221,0.0103542
599,0.159616,0.119116,0.0359401,0.0515074,0.0323557,0.0363173,0.0251977,0.0363173,0.0262648,0.0116482,0.00957589,0.0116482,0.00986615
600,0.159882,0.116887,0.035197,0.05022,0.0315225,0.0352703,0.0244563,0.0352703,0.0254937,0.0110891,0.00911329,0.0110891,0.00939
601,0.160149,0.114679,0.0344631,0.0489489,0.0307008,0.0342386,0.0237264,0.0342386,0.0247346,0.0105438,0.00866228,0.0105438,0.00892575
602,0.160415,0.112492,0.0337383,0.0476941,0.0298906,0.0332222,0.0230081,0.0332222,0.0239874,0.0100122,0.00822287,0.0100122,0.00847339
603,0.160682,0.110326,0.0330225,0.0464556,0.0290918,0.0322211,0.0223011,0.0322211,0.023252,0.00949435,0.00779503,0.00949435,0.00803291
604,0.160948,0.108181,0.0323158,0.0452334,0.0283044,0.0312353,0.0216057,0.0312353,0.0225284,0.00899026,0.00737875,0.00899026,0.00760431
605,0.161215,0.106057,0.0316181,0.0440275,0.0275285,0.0302649,0.0209216,0.0302649,0.0218167,0.00849993,0.00697402,0.00849993,0.00718757
606,0.161481,0.103954,0.0309292,0.0428378,0.0267639,0.0293097,0.020249,0.0293097,0.0211167,0.00802334,0.00658084,0.00802334,0.00678269
607,0.161748,0.101873,0.0302493,0.0416645,0.0260106,0.0283699,0.0195878,0.0283699,0.0204286,0.0075605,0.00619919,0.0075605,0.00638965
608,0.162014,0.0998119,0.0295781,0.0405075,0.0252687,0.0274454,0.0189379,0.0274454,0.0197521,0.00711141,0.00582905,0.00711141,0.00600844
609,0.16228,0.0977722,0.0289158,0.0393667,0.024538,0.0265362,0.0182993,0.0265362,0.0190875,0.00667607,0.00547042,0.00667607,0.00563906
610,0.162547,0.0957536,0.0282622,0.0382423,0.0238186,0.0256423,0.0176721,0.0256423,0.0184345,0.00625448,0.00512329,0.00625448,0.00528149
611,0.162813,0.093756,0.0276173,0.0371341,0.0231105,0.0247638,0.0170562,0.0247638,0.0177933,0.00584664,0.00478765,0.00584664,0.00493572
612,0.16308,0.0917795,0.0269811,0.0360422,0.0224135,0.0239005,0.0164516,0.0239005,0.0171637,0.00545255,0.00446348,0.00545255,0.00460176
613,0.163346,0.0898241,0.0263535,0.0349667,0.0217278,0.0230526,0.0158583,0.0230526,0.0165458,0.0050722,0.00415077,0.0050722,0.00427957
614,0.163613,0.0878897,0.0257344,0.0339074,0.0210532,0.0222199,0.0152762,0.0222199,0.0159396,0.00470561,0.00384951,0.00470561,0.00396917
615,0.163879,0.0859764,0.0251239,0.0328644,0.0203898,0.0214026,0.0147053,0.0214026,0.015345,0.00435276,0.0035597,0.00435276,0.00367053
616,0.164146,0.0840841,0.0245218,0.0318377,0.0197375,0.0206006,0.0141456,0.0206006,0.014762,0.00401367,0.00328131,0.00401367,0.00338364
617,0.164412,0.0822129,0.0239282,0.0308273,0.0190963,0.0198139,0.0135971,0.0198139,0.0141906,0.00368832,0.00301434,0.00368832,0.0031085
618,0.164679,0.0803627,0.0233429,0.0298332,0.0184661,0.0190426,0.0130598,0.0190426,0.0136308,0.00337673,0.00275879,0.00337673,0.0028451
619,0.164945,0.0785336,0.022766,0.0288553,0.017847,0.0182865,0.0125336,0.0182865,0.0130825,0.00307888,0.00251462,0.00307888,0.00259343
620,0.165212,0.0767255,0.0221975,0.0278938,0.0172389,0.0175458,0.0120186,0.0175458,0.0125458,0.00279478,0.00228184,0.00279478,0.00235347
621,0.165478,0.0749386,0.0216371,0.0269486,0.0166418,0.0168204,0.0115147,0.0168204,0.0120206,0.00252443,0.00206044,0.00252443,0.00212523
622,0.165745,0.0731726,0.021085,0.0260196,0.0160557,0.0161103,0.0110218,0.0161103,0.0115069,0.00226784,0.0018504,0.00226784,0.00190867
623,0.166011,0.0714277,0.0205411,0.025107,0.0154805,0.0154155,0.01054,0.0154155,0.0110047,0.00202499,0.00165171,0.00202499,0.00170381
624,0.166278,0.0697039,0.0200053,0.0242106,0.0149163,0.014736,0.0100693,0.014736,0.0105139,0.00179588,0.00146436,0.00179588,0.00151063
625,0.166544,0.0680011,0.0194776,0.0233306,0.0143629,0.0140718,0.00960961,0.0140718,0.0100346,0.00158053,0.00128834,0.00158053,0.00132912
626,0.16681,0.0663194,0.0189579,0.0224668,0.0138204,0.013423,0.00916092,0.013423,0.00956673,0.00137893,0.00112364,0.00137893,0.00115926
627,0.167077,0.0646588,0.0184463,0.0216193,0.0132888,0.0127894,0.00872322,0.0127894,0.00911027,0.00119108,0.000970251,0.00119108,0.00100106
628,0.167343,0.0630192,0.0179426,0.0207881,0.0127679,0.0121712,0.00829648,0.0121712,0.0086652,0.00101698,0.000828156,0.00101698,0.000854493
629,0.16761,0.0614006,0.0174468,0.0199732,0.0122579,0.0115683,0.0078807,0.0115683,0.00823151,0.000856622,0.000697346,0.000856622,0.00071956
630,0.167876,0.0598031,0.016959,0.0191746,0.0117587,0.0109807,0.00747585,0.0109807,0.00780918,0.000710017,0.000577811,0.000710017,0.000596247
631,0.168143,0.0582267,0.0164789,0.0183923,0.0112702,0.0104084,0.00708191,0.0104084,0.00739818,0.000577162,0.00046954,0.000577162,0.000484545
632,0.168409,0.0566713,0.0160067,0.0176263,0.0107924,0.00985145,0.00669886,0.00985145,0.00699851,0.000458055,0.000372522,0.000458055,0.000384445
633,0.168676,0.055137,0.0155422,0.0168766,0.0103254,0.0093098,0.00632668,0.0093098,0.00661014,0.000352699,0.000286745,0.000352699,0.000295938
634,0.168942,0.0536237,0.0150854,0.0161432,0.00986897,0.00878346,0.00596535,0.00878346,0.00623306,0.000261091,0.000212198,0.000261091,0.000219012
635,0.169209,0.0521315,0.0146363,0.015426,0.00942324,0.00827244,0.00561486,0.00827244,0.00586724,0.000183233,0.000148871,0.000183233,0.000153659
636,0.169475,0.0506604,0.0141949,0.0147252,0.00898814,0.00777673,0.00527518,0.00777673,0.00551268,0.000119124,9.67532e-05,0.000119124,9.987e-05
637,0.169742,0.0492103,0.013761,0.0140407,0.00856365,0.00729634,0.0049463,0.00729634,0.00516935,6.87647e-05,5.58327e-05,6.87647e-05,5.76342e-05
638,0.170008,0.0477812,0.0133347,0.0133724,0.00814974,0.00683126,0.00462819,0.00683126,0.00483723,3.21545e-05,2.60989e-05,3.21545e-05,2.69424e-05
639,0.170275,0.0463732,0.0129159,0.0127204,0.00774639,0.00638149,0.00432084,0.00638149,0.0045163,9.29357e-06,7.54088e-06,9.29357e-06,7.78497e-06
640,0.170541,0.0449863,0.0125046,0.0120848,0.00735357,0.00594704,0.00402422,0.00594704,0.00420656,1.81971e-07,1.47604e-07,1.81971e-07,1.52389e-07
641,0.170808,0.0436204,0.0121007,0.0114654,0.00697127,0.00552791,0.00373832,0.00552791,0.00390798,0,0,0,0
642,0.171074,0.0422756,0.0117042,0.0108623,0.00659945,0.00512409,0.00346312,0.00512409,0.00362053,0,0,0,0
643,0.17134,0.0409518,0.011315,0.0102755,0.0062381,0.00473558,0.00319859,0.00473558,0.00334422,0,0,0,0
644,0.171607,0.0396491,0.0109332,0.009705,0.00588718,0.00436239,0.00294473,0.00436239,0.00307901,0,0,0,0
645,0.171873,0.0383675,0.0105586,0.00915079,0.00554668,0.00400451,0.0027015,0.00400451,0.00282489,0,0,0,0
646,0.17214,0.0371069,0.0101913,0.00861288,0.00521658,0.00366195,0.0024689,0.00366195,0.00258184,0,0,0,0
647,0.172406,0.0358674,0.00983119,0.00809125,0.00489685,0.0033347,0.00224689,0.0033347,0.00234984,0,0,0,0
648,0.172673,0.0346489,0.00947823,0.00758592,0.00458746,0.00302277,0.00203547,0.00302277,0.00212888,0,0,0,0
649,0.172939,0.0334515,0.00913238,0.00709689,0.00428839,0.00272615,0.00183461,0.00272615,0.00191894,0,0,0,0
650,0.173206,0.0322751,0.00879362,0.00662414,0.00399962,0.00244484,0.0016443,0.00244484,0.00172,0,0,0,0
651,0.173472,0.0311198,0.0084619,0.00616769,0.00372113,0.00217885,0.00146451,0.00217885,0.00153204,0,0,0,0
652,0.173739,0.0299855,0.00813719,0.00572753,0.00345289,0.00192818,0.00129523,0.00192818,0.00135504,0,0,0,0
653,0.174005,0.0288723,0.00781944,0.00530367,0.00319488,0.00169282,0.00113644,0.00169282,0.001189,0,0,0,0
654,0.174272,0.0277802,0.00750862,0.00489609,0.00294707,0.00147277,0.000988109,0.00147277,0.00103388,0,0,0,0
655,0.174538,0.0267091,0.0072047,0.00450481,0.00270945,0.00126804,0.000850231,0.00126804,0.00088968,0,0,0,0
656,0.174805,0.0256591,0.00690762,0.00412983,0.00248198,0.00107862,0.000722784,0.00107862,0.000756371,0,0,0,0
657,0.175071,0.0246301,0.00661736,0.00377113,0.00226465,0.000904516,0.000605747,0.000904516,0.00063394,0,0,0,0
658,0.175338,0.0236222,0.00633388,0.00342873,0.00205743,0.000745727,0.000499102,0.000745727,0.000522368,0,0,0,0
659,0.175604,0.0226353,0.00605715,0.00310262,0.0018603,0.000602252,0.000402831,0.000602252,0.000421638,0,0,0,0
660,0.17587,0.0216695,0.00578711,0.0027928,0.00167324,0.000474092,0.000316915,0.000474092,0.000331734,0,0,0,0
661,0.176137,0.0207248,0.00552374,0.00249928,0.00149622,0.000361246,0.000241334,0.000361246,0.000252636,0,0,0,0
662,0.176403,0.0198011,0.00526701,0.00222205,0.00132922,0.000263715,0.00017607,0.000263715,0.000184328,0,0,0,0
663,0.17667,0.0188984,0.00501686,0.00196111,0.00117222,0.000181499,0.000121104,0.000181499,0.000126793,0,0,0,0
664,0.176936,0.0180169,0.00477328,0.00171646,0.00102519,0.000114596,7.64172e-05,0.000114596,8.00125e-05,0,0,0,0
665,0.177203,0.0171563,0.00453621,0.00148811,0.000888114,6.30087e-05,4.19909e-05,6.30087e-05,4.39696e-05,0,0,0,0
666,0.177469,0.0163169,0.00430563,0.00127605,0.000760964,2.67354e-05,1.78064e-05,2.67354e-05,1.86468e-05,0,0,0,0
667,0.177736,0.0154985,0.0040815,0.00108028,0.00064372,5.77661e-06,3.84501e-06,5.77661e-06,4.02676e-06,0,0,0,0
668,0.178002,0.0147011,0.00386378,0.00090081,0.000536358,0,0,0,0,0,0,0,0
669,0.178269,0.0139248,0.00365244,0.000737628,0.000438856,0,0,0,0,0,0,0,0
670,0.178535,0.0131696,0.00344743,0.000590739,0.000351191,0,0,0,0,0,0,0,0
671,0.178802,0.0124354,0.00324874,0.000460143,0.00027334,0,0,0,0,0,0,0,0
672,0.179068,0.0117222,0.00305631,0.000345839,0.00020528,0,0,0,0,0,0,0,0
673,0.179335,0.0110302,0.00287012,0.000247828,0.00014699,0,0,0,0,0,0,0,0
674,0.179601,0.0103591,0.00269013,0.00016611,9.84455e-05,0,0,0,0,0,0,0,0
675,0.179868,0.00970918,0.00251631,0.000100685,5.96248e-05,0,0,0,0,0,0,0,0
676,0.180134,0.00908027,0.00234861,5.15525e-05,3.05053e-05,0,0,0,0,0,0,0,0
677,0.1804,0.00847242,0.00218701,1.87127e-05,1.10643e-05,0,0,0,0,0,0,0,0
678,0.180667,0.00788563,0.00203147,2.16571e-06,1.27953e-06,0,0,0,0,0,0,0,0
679,0.180933,0.00731989,0.00188196,0,0,0,0,0,0,0,0,0,0
680,0.1812,0.00677521,0.00173844,0,0,0,0,0,0,0,0,0,0
681,0.181466,0.00625158,0.00160088,0,0,0,0,0,0,0,0,0,0
682,0.181733,0.00574901,0.00146924,0,0,0,0,0,0,0,0,0,0
683,0.181999,0.0052675,0.00134349,0,0,0,0,0,0,0,0,0,0
684,0.182266,0.00480704,0.0012236,0,0,0,0,0,0,0,0,0,0
685,0.182532,0.00436764,0.00110953,0,0,0,0,0,0,0,0,0,0
686,0.182799,0.0039493,0.00100125,0,0,0,0,0,0,0,0,0,0
687,0.183065,0.00355201,0.000898732,0,0,0,0,0,0,0,0,0,0
688,0.183332,0.00317578,0.000801931,0,0,0,0,0,0,0,0,0,0
689,0.183598,0.0028206,0.000710821,0,0,0,0,0,0,0,0,0,0
690,0.183865,0.00248648,0.000625367,0,0,0,0,0,0,0,0,0,0
691,0.184131,0.00217342,0.000545537,0,0,0,0,0,0,0,0,0,0
692,0.184398,0.00188141,0.000471298,0,0,0,0,0,0,0,0,0,0
693,0.184664,0.00161046,0.000402618,0,0,0,0,0,0,0,0,0,0
694,0.18493,0.00136056,0.000339464,0,0,0,0,0,0,0,0,0,0
695,0.185197,0.00113173,0.000281804,0,0,0,0,0,0,0,0,0,0
696,0.185463,0.000923943,0.000229605,0,0,0,0,0,0,0,0,0,0
697,0.18573,0.000737216,0.000182837,0,0,0,0,0,0,0,0,0,0
698,0.185996,0.000571546,0.000141465,0,0,0,0,0,0,0,0,0,0
699,0.186263,0.000426932,0.00010546,0,0,0,0,0,0,0,0,0,0
